"inventory_avai","title","length","store_id"
"20","Idols Snatchers",84,2
"20","Love Suicides",181,1
"19","Detective Vision",143,2
"19","Hanging Deep",62,2
"19","Salute Apollo",73,2
"19","Talented Homicide",173,2
"18","Airport Pollock",54,2
"18","Barbarella Streetcar",65,1
"18","English Bulworth",51,2
"18","Jade Bunch",174,2
"18","Juggler Hardly",54,1
"18","Madness Attacks",178,1
"18","Movie Shakespeare",53,1
"18","Polish Brooklyn",61,2
"18","Ridgemont Submarine",46,2
"18","Robbers Joon",102,2
"18","Rocketeer Mother",178,2
"18","Rush Goodfellas",48,2
"18","Show Lord",167,2
"18","Stagecoach Armageddon",112,2
"18","Swarm Gold",123,2
"18","Velvet Terminator",173,1
"18","Videotape Arsenic",145,1
"18","Whale Bikini",109,1
"17","Beach Heartbreakers",122,2
"17","Boogie Amelie",121,1
"17","Brotherhood Blanket",73,1
"17","Bucket Brotherhood",133,1
"17","Bucket Brotherhood",133,2
"17","Caper Motions",176,2
"17","Center Dinosaur",152,1
"17","Chance Resurrection",70,2
"17","Dying Maker",168,1
"17","Eagles Panky",140,1
"17","Escape Metropolis",167,2
"17","Factory Dragon",144,1
"17","Feud Frogmen",98,2
"17","Forward Temple",90,2
"17","Gandhi Kwai",86,2
"17","Gangs Pride",185,1
"17","Gentlemen Stage",125,2
"17","Gilmore Boiled",163,1
"17","Half Outfield",146,1
"17","Hanover Galaxy",47,2
"17","Homicide Peach",141,1
"17","Horn Working",95,1
"17","House Dynamite",109,2
"17","Lawless Vision",181,1
"17","Lola Agent",85,2
"17","Majestic Floats",130,2
"17","Mask Peach",123,1
"17","Massacre Usual",165,1
"17","Metropolis Coma",64,2
"17","Network Peak",75,2
"17","Noon Papi",57,2
"17","Orange Grapes",76,2
"17","Oz Liaisons",85,2
"17","Pulp Beverly",89,1
"17","Rugrats Shakespeare",109,2
"17","Samurai Lion",110,2
"17","Scalawag Duck",183,1
"17","Strangers Graffiti",119,2
"17","Teen Apollo",74,2
"17","Timberland Sky",69,2
"17","Tomorrow Hustler",142,1
"17","Voyage Legally",78,2
"17","Wait Cider",112,1
"17","Wife Turn",183,1
"17","Yentl Idaho",86,1
"16","Apache Divine",92,2
"16","Army Flintstones",148,2
"16","Artist Coldblooded",170,2
"16","Bonnie Holocaust",63,2
"16","Butterfly Chocolat",89,1
"16","Caddyshack Jedi",52,2
"16","Camelot Vacation",61,1
"16","Celebrity Horn",110,2
"16","Clash Freddy",81,2
"16","Closer Bang",58,1
"16","Conquerer Nuts",173,1
"16","Contact Anonymous",166,2
"16","Daisy Menagerie",84,2
"16","Deer Virginian",106,2
"16","Dogma Family",122,1
"16","Dude Blindness",132,2
"16","Enemy Odds",77,2
"16","Expendable Stallion",97,1
"16","Fantasy Troopers",58,1
"16","Fatal Haunted",91,1
"16","Frost Head",82,1
"16","Goldfinger Sensibility",93,1
"16","Goodfellas Salute",56,2
"16","Graffiti Love",117,2
"16","Grit Clockwork",137,2
"16","Grit Clockwork",137,1
"16","Harry Idaho",121,1
"16","Hobbit Alien",157,2
"16","Homeward Cider",103,1
"16","Ice Crossing",131,1
"16","Jumping Wrath",74,2
"16","Lies Treatment",147,1
"16","Loathing Legally",140,2
"16","Lock Rear",120,2
"16","Muscle Bright",185,2
"16","Nightmare Chill",149,2
"16","Philadelphia Wife",137,2
"16","Pickup Driving",77,1
"16","Pluto Oleander",84,1
"16","Pocus Pulp",138,2
"16","Roman Punk",81,1
"16","Slipper Fidelity",156,2
"16","Story Side",163,2
"16","Strangelove Desire",103,1
"16","Sunrise League",135,1
"16","Sweethearts Suspects",108,1
"16","Titans Jerk",91,2
"16","Uprising Uptown",174,1
"16","Virginian Pluto",164,2
"16","Wanda Chamber",107,1
"16","Wedding Apollo",70,2
"16","West Lion",159,1
"16","Witches Panic",100,1
"16","Zorro Ark",50,1
"15","Alaska Phantom",136,2
"15","Anthem Luke",91,1
"15","Apache Divine",92,1
"15","Attraction Newton",83,1
"15","Beauty Grease",175,1
"15","Berets Agent",77,2
"15","Bingo Talented",150,2
"15","Boiled Dares",102,1
"15","Brooklyn Desert",161,1
"15","Cabin Flash",53,1
"15","Candles Grapes",135,1
"15","Carrie Bunch",114,1
"15","Cat Coneheads",112,2
"15","Cat Coneheads",112,1
"15","Charade Duffel",66,2
"15","Cider Desire",101,2
"15","Circus Youth",90,1
"15","Color Philadelphia",149,1
"15","Coma Head",109,1
"15","Coneheads Smoochy",112,1
"15","Confidential Interview",180,2
"15","Congeniality Quest",87,2
"15","Cyclone Family",176,1
"15","Dancing Fever",144,2
"15","Divine Resurrection",100,2
"15","Dorado Notting",139,1
"15","Downhill Enough",47,2
"15","Drifter Commandments",61,1
"15","Edge Kissing",153,1
"15","Family Sweet",155,1
"15","Fargo Gandhi",130,1
"15","Flamingos Connecticut",80,2
"15","Flatliners Killer",100,1
"15","Flying Hook",69,2
"15","Fool Mockingbird",158,1
"15","Forrester Comancheros",112,1
"15","Forward Temple",90,1
"15","Freddy Storm",65,2
"15","Giant Troopers",102,1
"15","Gleaming Jawbreaker",89,2
"15","Goldmine Tycoon",153,1
"15","Goodfellas Salute",56,1
"15","Greatest North",93,1
"15","Handicap Boondock",108,1
"15","Haunting Pianist",181,2
"15","Highball Potter",110,2
"15","Hills Neighbors",93,1
"15","Hobbit Alien",157,1
"15","Holiday Games",78,2
"15","Hunting Musketeers",65,1
"15","Illusion Amelie",122,2
"15","Invasion Cyclone",97,1
"15","Jason Trap",130,2
"15","Jet Neighbors",59,1
"15","Karate Moon",120,1
"15","Labyrinth League",46,2
"15","Lebowski Soldiers",69,2
"15","Lonely Elephant",67,1
"15","Lose Inch",137,2
"15","Loser Hustler",80,2
"15","Married Go",114,2
"15","Married Go",114,1
"15","Metal Armageddon",161,2
"15","Model Fish",175,2
"15","Modern Dorado",74,2
"15","Moon Bunch",83,1
"15","Mosquito Armageddon",57,1
"15","Nash Chocolat",180,2
"15","Necklace Outbreak",132,2
"15","Odds Boogie",48,2
"15","Operation Operation",156,2
"15","Packer Madigan",84,2
"15","Pinocchio Simon",103,2
"15","Pity Bound",60,1
"15","Pond Seattle",185,1
"15","Primary Glass",53,2
"15","Queen Luke",163,2
"15","Quest Mussolini",177,2
"15","Range Moonwalker",147,1
"15","Rings Heartbreakers",58,1
"15","Rocketeer Mother",178,1
"15","Saturday Lambs",150,2
"15","Scalawag Duck",183,2
"15","Scissorhands Slums",147,2
"15","Seattle Expecations",110,1
"15","Shock Cabin",79,1
"15","Shock Cabin",79,2
"15","Shrek License",154,2
"15","Siege Madre",111,1
"15","Spirit Flintstones",149,2
"15","Storm Happiness",57,1
"15","Submarine Bed",127,2
"15","Suspects Quills",47,1
"15","Suspects Quills",47,2
"15","Sweet Brotherhood",185,2
"15","Telegraph Voyage",148,1
"15","Thief Pelican",135,1
"15","Torque Bound",179,1
"15","Tracy Cider",142,1
"15","Trading Pinocchio",170,1
"15","Translation Summer",168,1
"15","Trip Newton",64,1
"15","Trouble Date",61,2
"15","Wardrobe Phantom",178,2
"15","Wash Heavenly",161,1
"15","Wasteland Divine",85,1
"15","Westward Seabiscuit",52,2
"15","Wind Phantom",111,2
"15","Women Dorado",126,2
"15","Wonderland Christmas",111,1
"15","Working Microcosmos",74,1
"15","Zorro Ark",50,2
"14","Amistad Midsummer",85,1
"14","Analyze Hoosiers",181,1
"14","Angels Life",74,1
"14","Balloon Homeward",75,2
"14","Bingo Talented",150,1
"14","Blackout Private",85,1
"14","Blindness Gun",103,1
"14","Bound Cheaper",98,2
"14","Butterfly Chocolat",89,2
"14","Cause Date",179,2
"14","Chicken Hellfighters",122,1
"14","Chill Luck",142,1
"14","Clueless Bucket",95,2
"14","Coast Rainbow",55,2
"14","Confidential Interview",180,1
"14","Creepers Kane",172,2
"14","Curtain Videotape",133,1
"14","Dances None",58,1
"14","Deep Crusade",51,1
"14","Disciple Mother",141,1
"14","Disturbing Scarface",94,1
"14","Dogma Family",122,2
"14","Donnie Alley",125,1
"14","Dynamite Tarzan",141,2
"14","Easy Gladiator",148,1
"14","Effect Gladiator",107,1
"14","Elephant Trojan",126,1
"14","Family Sweet",155,2
"14","Fidelity Devil",118,1
"14","Fish Opus",125,2
"14","Frost Head",82,2
"14","Games Bowfinger",119,1
"14","Glass Dying",103,1
"14","Gleaming Jawbreaker",89,1
"14","Graffiti Love",117,1
"14","Greatest North",93,2
"14","Greedy Roots",166,2
"14","Hamlet Wisdom",146,1
"14","Harry Idaho",121,2
"14","Home Pity",185,2
"14","Horror Reign",139,2
"14","Hurricane Affair",49,2
"14","Hyde Doctor",100,1
"14","Impossible Prejudice",103,1
"14","Independence Hotel",157,2
"14","Innocent Usual",178,1
"14","Island Exorcist",84,2
"14","Juggler Hardly",54,2
"14","Kane Exorcist",92,2
"14","Knock Warlock",71,1
"14","Kwai Homeward",46,1
"14","Madre Gables",98,2
"14","Mallrats United",133,2
"14","Midsummer Groundhog",48,2
"14","Mine Titans",166,1
"14","Moon Bunch",83,2
"14","Moonshine Cabin",171,2
"14","Muscle Bright",185,1
"14","Network Peak",75,1
"14","None Spiking",83,2
"14","Notorious Reunion",128,2
"14","Oscar Gold",115,2
"14","Others Soup",118,1
"14","Pacific Amistad",144,2
"14","Pajama Jawbreaker",126,1
"14","Paris Weekend",121,2
"14","Pelican Comforts",48,1
"14","Prejudice Oleander",98,1
"14","Princess Giant",71,2
"14","Racer Egg",147,2
"14","Remember Diary",110,2
"14","Ridgemont Submarine",46,1
"14","Road Roxanne",158,2
"14","Room Roman",60,2
"14","Roses Treasure",162,2
"14","Roses Treasure",162,1
"14","Saddle Antitrust",80,2
"14","Scorpion Apollo",137,2
"14","Searchers Wait",182,1
"14","Shane Darkness",93,1
"14","Shrunk Divine",139,1
"14","Sinners Atlantis",126,2
"14","Sleepless Monsoon",64,2
"14","Slums Duck",147,1
"14","Snowman Rollercoaster",62,1
"14","Splash Gump",175,1
"14","Spy Mile",112,1
"14","Stampede Disturbing",75,1
"14","Stock Glass",160,2
"14","Storm Happiness",57,2
"14","Streetcar Intentions",73,2
"14","Telemark Heartbreakers",152,2
"14","Tights Dawn",172,2
"14","Timberland Sky",69,1
"14","Tourist Pelican",152,1
"14","Truman Crazy",92,1
"14","Unbreakable Karate",62,1
"14","Virtual Spoilers",144,2
"14","Werewolf Lola",79,1
"14","Wife Turn",183,2
"14","Witches Panic",100,2
"14","Wrath Mile",176,2
"13","Affair Prejudice",117,1
"13","Alamo Videotape",126,1
"13","Alter Victory",57,1
"13","Amadeus Holy",113,1
"13","Anonymous Human",179,1
"13","Arabia Dogma",62,2
"13","Arachnophobia Rollercoaster",147,1
"13","Banger Pinocchio",113,1
"13","Behavior Runaway",100,2
"13","Bilko Anonymous",100,2
"13","Bill Others",93,1
"13","Blackout Private",85,2
"13","Blues Instinct",50,1
"13","Breaking Home",169,1
"13","Bright Encounters",73,1
"13","Calendar Gunfight",120,1
"13","Campus Remember",167,2
"13","Candidate Perdition",70,2
"13","Canyon Stock",85,1
"13","Champion Flatliners",51,2
"13","Chasing Fight",114,1
"13","Chisum Behavior",124,2
"13","Citizen Shrek",165,1
"13","Connecticut Tramp",172,2
"13","Crooked Frogmen",143,2
"13","Curtain Videotape",133,2
"13","Daddy Pittsburgh",161,1
"13","Dalmations Sweden",106,1
"13","Darkness War",99,1
"13","Date Speed",104,1
"13","Deer Virginian",106,1
"13","Divide Monster",68,2
"13","Double Wrath",177,2
"13","Driver Annie",159,2
"13","Driving Polish",175,1
"13","Drums Dynamite",96,2
"13","Durham Panky",154,2
"13","Durham Panky",154,1
"13","Earth Vision",85,2
"13","Egg Igby",67,2
"13","Encino Elf",143,2
"13","Enemy Odds",77,1
"13","Everyone Craft",163,1
"13","Express Lonely",178,1
"13","Falcon Volume",102,2
"13","Fellowship Autumn",77,1
"13","Fellowship Autumn",77,2
"13","Fight Jawbreaker",91,2
"13","Flash Wars",123,1
"13","Forever Candidate",131,2
"13","French Holiday",99,1
"13","Ghost Groundhog",85,1
"13","Giant Troopers",102,2
"13","Gun Bonnie",100,2
"13","Handicap Boondock",108,2
"13","Hanky October",107,2
"13","Hanky October",107,1
"13","High Encino",84,1
"13","Hook Chariots",49,2
"13","Horror Reign",139,1
"13","Identity Lover",119,2
"13","Inch Jet",167,2
"13","Jingle Sagebrush",124,2
"13","Kissing Dolls",141,1
"13","Liaisons Sweet",140,2
"13","Lucky Flying",97,1
"13","Maiden Home",138,2
"13","Malkovich Pet",159,2
"13","Malkovich Pet",159,1
"13","Masked Bubble",151,1
"13","Massacre Usual",165,2
"13","Microcosmos Paradise",105,1
"13","Mile Mulan",64,1
"13","Million Ace",142,2
"13","Minds Truman",149,1
"13","Monterey Labyrinth",158,2
"13","Moonwalker Fool",184,2
"13","Mulan Moon",160,2
"13","Murder Antitrust",166,2
"13","National Story",92,2
"13","Natural Stock",50,1
"13","None Spiking",83,1
"13","Novocaine Flight",64,1
"13","Opposite Necklace",92,2
"13","Outbreak Divine",169,1
"13","Outfield Massacre",129,2
"13","Past Suicides",157,1
"13","Patton Interview",175,2
"13","Pollock Deliverance",137,1
"13","Princess Giant",71,1
"13","Pulp Beverly",89,2
"13","Purple Movie",88,1
"13","Raging Airplane",154,2
"13","Reign Gentlemen",82,1
"13","Reunion Witches",63,1
"13","River Outlaw",149,1
"13","Robbers Joon",102,1
"13","Robbery Bright",134,1
"13","Rugrats Shakespeare",109,1
"13","Rush Goodfellas",48,1
"13","Sassy Packer",154,2
"13","Saturday Lambs",150,1
"13","Saturn Name",182,1
"13","Sea Virgin",80,1
"13","Seabiscuit Punk",112,2
"13","Seabiscuit Punk",112,1
"13","Shepherd Midsummer",113,2
"13","Shootist Superfly",67,2
"13","Slacker Liaisons",179,1
"13","Sleeping Suspects",129,1
"13","Sleuth Orient",87,1
"13","Snatch Slipper",110,2
"13","Something Duck",180,1
"13","Spiking Element",79,2
"13","Splendor Patton",134,2
"13","Spy Mile",112,2
"13","Star Operation",181,2
"13","Stepmom Dream",48,1
"13","Sun Confessions",141,1
"13","Super Wyoming",58,1
"13","Sweethearts Suspects",108,2
"13","Tenenbaums Command",99,1
"13","Titanic Boondock",104,2
"13","Titans Jerk",91,1
"13","Tramp Others",171,2
"13","Trip Newton",64,2
"13","Undefeated Dalmations",107,2
"13","Usual Untouchables",128,1
"13","Vanishing Rocky",123,2
"13","Virginian Pluto",164,1
"13","Voice Peach",139,2
"13","Wonka Sea",85,1
"13","Wrong Behavior",178,1
"13","Wyoming Storm",100,1
"12","Academy Dinosaur",86,1
"12","Academy Dinosaur",86,2
"12","Adaptation Holes",50,2
"12","African Egg",130,2
"12","Aladdin Calendar",63,2
"12","Alien Center",46,2
"12","American Circus",129,2
"12","Annie Identity",86,2
"12","Armageddon Lost",99,2
"12","Atlantis Cause",170,2
"12","Atlantis Cause",170,1
"12","Badman Dawn",162,2
"12","Bear Graceland",160,1
"12","Beverly Outlaw",85,2
"12","Blade Polish",114,2
"12","Blanket Beverly",148,1
"12","Boogie Amelie",121,2
"12","Born Spinal",179,2
"12","Borrowers Bedazzled",63,2
"12","Brannigan Sunrise",121,2
"12","California Birds",75,2
"12","Chainsaw Uptown",114,1
"12","Chariots Conspiracy",71,2
"12","Cheaper Clyde",87,2
"12","Chocolat Harry",101,1
"12","Closer Bang",58,2
"12","Core Suit",92,2
"12","Cupboard Sinners",56,1
"12","Dancing Fever",144,1
"12","Dangerous Uptown",121,1
"12","Darn Forrester",185,1
"12","Desert Poseidon",64,2
"12","Disturbing Scarface",94,2
"12","Doors President",49,2
"12","Dorado Notting",139,2
"12","Double Wrath",177,1
"12","Dracula Crystal",176,2
"12","English Bulworth",51,1
"12","Evolution Alter",174,1
"12","Expendable Stallion",97,2
"12","Fatal Haunted",91,2
"12","Fiction Christmas",72,2
"12","Finding Anaconda",156,2
"12","Flight Lies",179,2
"12","Forrester Comancheros",112,2
"12","Fury Murder",178,1
"12","Gables Metropolis",161,1
"12","Goldmine Tycoon",153,2
"12","Grapes Fury",155,1
"12","Grease Youth",135,1
"12","Gun Bonnie",100,1
"12","Gunfight Moon",70,1
"12","Gunfight Moon",70,2
"12","Head Stranger",69,1
"12","Heavyweights Beast",102,1
"12","Hedwig Alter",169,1
"12","Hustler Party",83,1
"12","Hyde Doctor",100,2
"12","Innocent Usual",178,2
"12","Insects Stone",123,2
"12","Instinct Airport",116,1
"12","Interview Liaisons",59,2
"12","Invasion Cyclone",97,2
"12","Island Exorcist",84,1
"12","Kick Savannah",179,2
"12","Lady Stage",67,1
"12","Liberty Magnificent",138,2
"12","Lose Inch",137,1
"12","Lost Bird",98,1
"12","Louisiana Harry",70,2
"12","Loverboy Attacks",162,2
"12","Massage Image",161,2
"12","Mighty Luck",122,2
"12","Minority Kiss",59,1
"12","Mob Duffel",105,2
"12","Mockingbird Hollywood",60,1
"12","Mockingbird Hollywood",60,2
"12","Mourning Purple",146,2
"12","Name Detective",178,2
"12","Neighbors Charade",161,2
"12","Open African",131,2
"12","Operation Operation",156,1
"12","Paradise Sabrina",48,1
"12","Peak Forever",80,2
"12","Pelican Comforts",48,2
"12","Pianist Outfield",136,2
"12","Pittsburgh Hunchback",134,1
"12","Primary Glass",53,1
"12","Range Moonwalker",147,2
"12","Redemption Comforts",179,2
"12","Resurrection Silverado",117,2
"12","Savannah Town",84,1
"12","Secret Groundhog",90,2
"12","Secrets Paradise",109,1
"12","Shawshank Bubble",80,1
"12","Shepherd Midsummer",113,1
"12","Smoochy Control",184,2
"12","Sorority Queen",184,2
"12","Speakeasy Date",165,1
"12","Steel Santa",143,2
"12","Story Side",163,1
"12","Strictly Scarface",144,1
"12","Suit Walls",111,2
"12","Sun Confessions",141,2
"12","Sundance Invasion",92,1
"12","Telegraph Voyage",148,2
"12","Temple Attraction",71,2
"12","Tights Dawn",172,1
"12","Torque Bound",179,2
"12","Tycoon Gathering",82,1
"12","Uptown Young",84,1
"12","Vacation Boondock",145,2
"12","Valentine Vanishing",48,2
"12","Vampire Whale",126,1
"12","Virgin Daisy",179,2
"12","Volcano Texas",157,1
"12","Wardrobe Phantom",178,1
"12","Window Side",85,2
"12","Wizard Coldblooded",75,1
"11","Agent Truman",169,1
"11","Aladdin Calendar",63,1
"11","Alamo Videotape",126,2
"11","Alaska Phantom",136,1
"11","Alone Trip",82,2
"11","Anaconda Confessions",92,1
"11","Arachnophobia Rollercoaster",147,2
"11","Arizona Bang",121,1
"11","Autumn Crow",108,2
"11","Barefoot Manchurian",129,1
"11","Basic Easy",90,1
"11","Beast Hunchback",89,1
"11","Beethoven Exorcist",151,2
"11","Bird Independence",163,2
"11","Breakfast Goldfinger",123,2
"11","Bride Intrigue",56,1
"11","Bugsy Song",119,2
"11","Bull Shawshank",125,2
"11","Camelot Vacation",61,2
"11","Casablanca Super",85,2
"11","Christmas Moonshine",150,1
"11","Cleopatra Devil",150,2
"11","Clones Pinocchio",124,2
"11","Club Graffiti",65,2
"11","Clueless Bucket",95,1
"11","Coldblooded Darling",70,1
"11","Coma Head",109,2
"11","Command Darling",120,2
"11","Confused Candles",122,2
"11","Cranes Reservoir",57,2
"11","Crossroads Casualties",153,1
"11","Cupboard Sinners",56,2
"11","Darko Dorado",130,2
"11","Dawn Pond",57,1
"11","Deceiver Betrayed",122,1
"11","Details Packer",88,1
"11","Dinosaur Secretary",63,2
"11","Doom Dancing",68,2
"11","Dragon Squad",170,2
"11","Dragonfly Strangers",133,2
"11","Dream Pickup",135,1
"11","Dream Pickup",135,2
"11","Drumline Cyclone",110,2
"11","Dynamite Tarzan",141,1
"11","Earring Instinct",98,2
"11","Effect Gladiator",107,2
"11","Empire Malkovich",177,1
"11","Ending Crowds",85,1
"11","Enough Raging",158,2
"11","Excitement Eve",51,2
"11","Eyes Driving",172,2
"11","Fantasia Park",131,2
"11","Feathers Metal",104,1
"11","Fireball Philadelphia",148,1
"11","Fish Opus",125,1
"11","Flintstones Happiness",148,1
"11","Fugitive Maguire",83,1
"11","Galaxy Sweethearts",128,2
"11","Garden Island",80,2
"11","Gathering Calendar",176,2
"11","Gilmore Boiled",163,2
"11","Go Purple",54,1
"11","Gorgeous Bingo",108,1
"11","Greek Everyone",176,2
"11","Groundhog Uncut",139,2
"11","Hall Cassidy",51,1
"11","Heavyweights Beast",102,2
"11","Holocaust Highball",149,1
"11","Honey Ties",84,2
"11","Indian Love",135,2
"11","Insider Arizona",78,2
"11","Iron Moon",46,2
"11","Jacket Frisco",181,2
"11","Jericho Mulan",171,1
"11","Jerk Paycheck",172,2
"11","Kiss Glory",163,1
"11","Kiss Glory",163,2
"11","Language Cowboy",78,2
"11","League Hellfighters",110,2
"11","Lies Treatment",147,2
"11","Lion Uncut",50,2
"11","Loathing Legally",140,1
"11","Lord Arizona",108,1
"11","Lust Lock",52,1
"11","Maiden Home",138,1
"11","Mallrats United",133,1
"11","Maltese Hope",127,1
"11","Maltese Hope",127,2
"11","Mermaid Insects",104,2
"11","Mission Zoolander",164,1
"11","Mod Secretary",77,1
"11","Musketeers Wait",73,1
"11","Name Detective",178,1
"11","Newton Labyrinth",75,2
"11","North Tequila",67,2
"11","October Submarine",54,2
"11","Opus Ice",102,2
"11","Oscar Gold",115,1
"11","Patient Sister",99,1
"11","Paycheck Wait",145,1
"11","Pirates Roxanne",100,2
"11","Pity Bound",60,2
"11","Potluck Mixed",179,2
"11","Pride Alamo",114,2
"11","Prix Undefeated",115,2
"11","Rage Games",120,1
"11","Rider Caddyshack",177,2
"11","Rouge Squad",118,2
"11","Sabrina Midnight",99,1
"11","Santa Paris",154,2
"11","Satisfaction Confidential",75,1
"11","Shakespeare Saddle",60,1
"11","Shakespeare Saddle",60,2
"11","Shootist Superfly",67,1
"11","Silence Kane",67,2
"11","Sleeping Suspects",129,2
"11","Sleepy Japanese",137,1
"11","Song Hedwig",165,1
"11","Sons Interview",184,1
"11","South Wait",143,1
"11","South Wait",143,2
"11","Spice Sorority",141,2
"11","Spirited Casualties",138,1
"11","Steel Santa",143,1
"11","Sting Personal",93,2
"11","Stone Fire",94,1
"11","Straight Hours",151,2
"11","Stranger Strangers",139,1
"11","Streetcar Intentions",73,1
"11","Strictly Scarface",144,2
"11","Taxi Kick",64,1
"11","Telemark Heartbreakers",152,1
"11","Theory Mermaid",184,1
"11","Thin Sagebrush",53,1
"11","Ties Hunger",111,1
"11","Towers Hurricane",144,1
"11","Tracy Cider",142,2
"11","Trainspotting Strangers",132,1
"11","Twisted Pirates",152,2
"11","Unforgiven Zoolander",129,2
"11","Videotape Arsenic",145,2
"11","Voyage Legally",78,1
"11","Watch Tracy",78,2
"11","Weekend Personal",134,1
"11","Westward Seabiscuit",52,1
"11","Whisperer Giant",59,1
"11","Whisperer Giant",59,2
"11","Wolves Desire",55,2
"11","Zoolander Fiction",101,2
"10","Affair Prejudice",117,2
"10","Agent Truman",169,2
"10","Alien Center",46,1
"10","Amelie Hellfighters",79,1
"10","American Circus",129,1
"10","Anaconda Confessions",92,2
"10","Annie Identity",86,1
"10","Antitrust Tomatoes",168,1
"10","Arizona Bang",121,2
"10","Backlash Undefeated",118,1
"10","Basic Easy",90,2
"10","Bear Graceland",160,2
"10","Beneath Rush",53,1
"10","Birds Perdition",61,1
"10","Blade Polish",114,1
"10","Blood Argonauts",71,1
"10","Borrowers Bedazzled",63,1
"10","Boulevard Mob",63,1
"10","Bound Cheaper",98,1
"10","Bringing Hysterical",136,1
"10","Bringing Hysterical",136,2
"10","Carol Texas",151,2
"10","Chance Resurrection",70,1
"10","Chicago North",185,1
"10","Christmas Moonshine",150,2
"10","Clockwork Paradise",143,2
"10","Comforts Rush",76,2
"10","Coneheads Smoochy",112,2
"10","Contact Anonymous",166,1
"10","Craft Outfield",64,1
"10","Creatures Shakespeare",139,2
"10","Crooked Frogmen",143,1
"10","Crossroads Casualties",153,2
"10","Deceiver Betrayed",122,2
"10","Doom Dancing",68,1
"10","Doubtfire Labyrinth",154,2
"10","Downhill Enough",47,1
"10","Earth Vision",85,1
"10","Egypt Tenenbaums",85,1
"10","Element Freddy",115,1
"10","Elizabeth Shane",152,1
"10","Empire Malkovich",177,2
"10","Encounters Curtain",92,1
"10","Excitement Eve",51,1
"10","Expecations Natural",138,2
"10","Fantasy Troopers",58,2
"10","Fiddler Lost",75,2
"10","Fireball Philadelphia",148,2
"10","Frogmen Breaking",111,2
"10","Gangs Pride",185,2
"10","Gone Trouble",84,1
"10","Grail Frankenstein",85,1
"10","Grapes Fury",155,2
"10","Halloween Nuts",47,1
"10","Harper Dying",52,2
"10","Harper Dying",52,1
"10","Head Stranger",69,2
"10","Heartbreakers Bright",59,2
"10","Heartbreakers Bright",59,1
"10","Heaven Freedom",48,2
"10","Hellfighters Sierra",75,2
"10","Hellfighters Sierra",75,1
"10","Hills Neighbors",93,2
"10","Holes Brannigan",128,2
"10","Hollow Jeopardy",136,2
"10","Hours Rage",122,2
"10","Hunchback Impossible",151,1
"10","Hunchback Impossible",151,2
"10","Hurricane Affair",49,1
"10","Hustler Party",83,2
"10","Idols Snatchers",84,1
"10","Igby Maker",160,2
"10","Intentions Empire",107,1
"10","Intrigue Worst",181,2
"10","Intrigue Worst",181,1
"10","Jawbreaker Brooklyn",118,2
"10","Jaws Harry",112,2
"10","Jedi Beneath",128,2
"10","Jeopardy Encino",102,1
"10","Joon Northwest",105,2
"10","Knock Warlock",71,2
"10","Lambs Cincinatti",144,2
"10","Life Twisted",137,2
"10","Lolita World",155,1
"10","Lover Truman",75,2
"10","Luck Opus",152,1
"10","Madigan Dorado",116,1
"10","Maker Gables",136,2
"10","Mars Roman",62,1
"10","Metal Armageddon",161,1
"10","Midnight Westward",86,2
"10","Money Harold",135,2
"10","Money Harold",135,1
"10","Moulin Wake",79,1
"10","Mummy Creatures",160,2
"10","Murder Antitrust",166,1
"10","Music Boondock",129,2
"10","Mystic Truman",92,1
"10","Northwest Polish",172,1
"10","Northwest Polish",172,2
"10","Notting Speakeasy",48,2
"10","Oleander Clue",161,1
"10","Orient Closer",118,2
"10","Outbreak Divine",169,2
"10","Pacific Amistad",144,1
"10","Panky Submarine",93,2
"10","Patton Interview",175,1
"10","Perfect Groove",82,2
"10","Pirates Roxanne",100,1
"10","Pocus Pulp",138,1
"10","Poseidon Forever",159,1
"10","Potter Connecticut",115,1
"10","Quills Bull",112,2
"10","Reap Unfaithful",136,2
"10","Requiem Tycoon",167,1
"10","Reservoir Adaptation",61,2
"10","Right Cranes",153,2
"10","Rock Instinct",102,2
"10","Rollercoaster Bringing",153,2
"10","Roots Remember",89,2
"10","Roxanne Rebel",171,2
"10","Run Pacific",145,1
"10","Sabrina Midnight",99,2
"10","Sensibility Rear",98,2
"10","Sleepy Japanese",137,2
"10","Slums Duck",147,2
"10","Smile Earring",60,1
"10","Smoking Barbarella",50,1
"10","Spoilers Hellfighters",151,2
"10","Stage World",85,2
"10","Sting Personal",93,1
"10","Sugar Wonka",114,2
"10","Superfly Trip",114,1
"10","Talented Homicide",173,1
"10","Titanic Boondock",104,1
"10","Trading Pinocchio",170,2
"10","Trojan Tomorrow",52,2
"10","Valley Packer",73,1
"10","Varsity Trip",85,2
"10","Volcano Texas",157,2
"10","Wagon Jaws",152,1
"10","Wars Pluto",128,2
"10","Willow Tracy",137,2
"10","Wolves Desire",55,1
"10","Working Microcosmos",74,2
"10","Worst Banger",185,2
"9","Airplane Sierra",62,2
"9","Ali Forever",150,2
"9","Alter Victory",57,2
"9","Anything Savannah",82,1
"9","Armageddon Lost",99,1
"9","Attacks Hate",113,2
"9","Attraction Newton",83,2
"9","Backlash Undefeated",118,2
"9","Badman Dawn",162,1
"9","Balloon Homeward",75,1
"9","Banger Pinocchio",113,2
"9","Beverly Outlaw",85,1
"9","Bikini Borrowers",142,2
"9","Birdcage Casper",103,1
"9","Brotherhood Blanket",73,2
"9","Caribbean Liberty",92,1
"9","Casualties Encino",179,2
"9","Chainsaw Uptown",114,2
"9","Chariots Conspiracy",71,1
"9","Clash Freddy",81,1
"9","Color Philadelphia",149,2
"9","Conversation Downhill",112,1
"9","Crazy Home",136,1
"9","Dares Pluto",89,1
"9","Darling Breaking",165,1
"9","Daughter Madigan",59,2
"9","Day Unfaithful",113,2
"9","Destiny Saturday",56,2
"9","Devil Desire",87,2
"9","Diary Panic",107,1
"9","Dinosaur Secretary",63,1
"9","Dolls Rage",120,2
"9","Dracula Crystal",176,1
"9","Drifter Commandments",61,2
"9","Drop Waterfront",178,2
"9","Dwarfs Alter",101,2
"9","Easy Gladiator",148,2
"9","Encounters Curtain",92,2
"9","Falcon Volume",102,1
"9","Fargo Gandhi",130,2
"9","Ferris Mother",142,2
"9","Fight Jawbreaker",91,1
"9","Forrest Sons",63,2
"9","Forrest Sons",63,1
"9","Freaky Pocus",126,2
"9","Frisco Forrest",51,2
"9","Garden Island",80,1
"9","Ghostbusters Elf",101,2
"9","Gilbert Pelican",114,2
"9","Go Purple",54,2
"9","Graduate Lord",156,1
"9","Grease Youth",135,2
"9","Grinch Massage",150,2
"9","Groove Fiction",111,1
"9","Groove Fiction",111,2
"9","Guys Falcon",84,1
"9","Half Outfield",146,2
"9","High Encino",84,2
"9","Holy Tadpole",88,2
"9","Hope Tootsie",139,2
"9","Hope Tootsie",139,1
"9","Hotel Happiness",181,1
"9","Hours Rage",122,1
"9","Human Graffiti",68,2
"9","Hunger Roof",105,2
"9","Idaho Love",172,2
"9","Igby Maker",160,1
"9","Image Princess",178,1
"9","Impact Aladdin",180,1
"9","Insider Arizona",78,1
"9","Intolerable Intentions",63,1
"9","Jason Trap",130,1
"9","Jedi Beneath",128,1
"9","Jekyll Frogmen",58,1
"9","Jerk Paycheck",172,1
"9","Jungle Closer",134,1
"9","King Evolution",184,1
"9","Kramer Chocolate",171,1
"9","Kwai Homeward",46,2
"9","Legally Secretary",113,2
"9","Legend Jedi",59,2
"9","Liaisons Sweet",140,1
"9","Madison Trap",147,2
"9","Maguire Apache",74,1
"9","Mars Roman",62,2
"9","Matrix Snowman",56,1
"9","Metropolis Coma",64,1
"9","Miracle Virtual",162,2
"9","Monsoon Cause",182,2
"9","Montezuma Command",126,1
"9","Motions Details",166,1
"9","Mourning Purple",146,1
"9","Movie Shakespeare",53,2
"9","Music Boondock",129,1
"9","Nemo Campus",131,2
"9","Nightmare Chill",149,1
"9","Nuts Ties",145,1
"9","Open African",131,1
"9","Others Soup",118,2
"9","Outlaw Hanky",148,1
"9","Patriot Roman",65,2
"9","Pianist Outfield",136,1
"9","Platoon Instinct",132,2
"9","Random Go",73,2
"9","Rear Trading",97,2
"9","Reds Pocus",182,1
"9","Requiem Tycoon",167,2
"9","Resurrection Silverado",117,1
"9","Roxanne Rebel",171,1
"9","Rules Human",153,1
"9","Sagebrush Clueless",106,1
"9","Scarface Bang",102,1
"9","Scarface Bang",102,2
"9","Scorpion Apollo",137,1
"9","Sea Virgin",80,2
"9","Seattle Expecations",110,2
"9","Secret Groundhog",90,1
"9","Secretary Rouge",158,1
"9","Secretary Rouge",158,2
"9","Snatch Slipper",110,1
"9","Snatchers Montezuma",74,1
"9","Snowman Rollercoaster",62,2
"9","Spartacus Cheaper",52,2
"9","Speed Suit",124,2
"9","Spice Sorority",141,1
"9","State Wasteland",113,1
"9","Straight Hours",151,1
"9","Streak Ridgemont",132,1
"9","Suit Walls",111,1
"9","Summer Scarface",53,1
"9","Swarm Gold",123,1
"9","Sweden Shining",176,2
"9","Sweden Shining",176,1
"9","Trap Guys",110,2
"9","Trojan Tomorrow",52,1
"9","Troopers Metal",115,1
"9","Truman Crazy",92,2
"9","Turn Star",80,1
"9","United Pilot",164,1
"9","Vacation Boondock",145,1
"9","Vanilla Day",122,2
"9","Victory Academy",64,1
"9","Vietnam Smoochy",174,2
"9","Waterfront Deliverance",61,2
"9","Wisdom Worker",98,1
"9","Won Dares",105,1
"9","Wonderful Drop",126,1
"9","Zhivago Core",105,2
"8","Alabama Devil",114,1
"8","Alley Evolution",180,2
"8","Amadeus Holy",113,2
"8","Angels Life",74,2
"8","Baby Hall",153,2
"8","Baked Cleopatra",182,1
"8","Baked Cleopatra",182,2
"8","Ballroom Mockingbird",173,2
"8","Betrayed Rear",122,2
"8","Bikini Borrowers",142,1
"8","Birds Perdition",61,2
"8","Blues Instinct",50,2
"8","Boulevard Mob",63,2
"8","Bride Intrigue",56,2
"8","Calendar Gunfight",120,2
"8","Candles Grapes",135,2
"8","Carol Texas",151,1
"8","Carrie Bunch",114,2
"8","Casper Dragonfly",163,2
"8","Celebrity Horn",110,1
"8","Chamber Italian",117,2
"8","Chaplin License",146,1
"8","Cheaper Clyde",87,1
"8","Chicken Hellfighters",122,2
"8","Chill Luck",142,2
"8","Chitty Lock",107,1
"8","Chocolat Harry",101,2
"8","Clones Pinocchio",124,1
"8","Club Graffiti",65,1
"8","Clyde Theory",139,2
"8","Confessions Maguire",65,2
"8","Conversation Downhill",112,2
"8","Crusade Honey",112,1
"8","Desire Alien",76,2
"8","Destination Jerk",76,1
"8","Details Packer",88,2
"8","Detective Vision",143,1
"8","Dirty Ace",147,1
"8","Divide Monster",68,1
"8","Driving Polish",175,2
"8","Earring Instinct",98,1
"8","Egg Igby",67,1
"8","Entrapment Satisfaction",176,2
"8","Escape Metropolis",167,1
"8","Expecations Natural",138,1
"8","Eyes Driving",172,1
"8","Fantasia Park",131,1
"8","Ferris Mother",142,1
"8","Feud Frogmen",98,1
"8","Flamingos Connecticut",80,1
"8","Fool Mockingbird",158,2
"8","Freaky Pocus",126,1
"8","Freddy Storm",65,1
"8","Gaslight Crusade",106,2
"8","Gaslight Crusade",106,1
"8","Ghost Groundhog",85,2
"8","Godfather Diary",73,1
"8","Gold River",154,1
"8","Goldfinger Sensibility",93,2
"8","Gorgeous Bingo",108,2
"8","Gosford Donnie",129,1
"8","Grosse Wonderful",49,2
"8","Harold French",168,1
"8","Heaven Freedom",48,1
"8","Honey Ties",84,1
"8","Hoosiers Birdcage",176,2
"8","Hysterical Grail",150,2
"8","Ice Crossing",131,2
"8","Idaho Love",172,1
"8","Interview Liaisons",59,1
"8","Jeepers Wedding",84,2
"8","Jeepers Wedding",84,1
"8","Jekyll Frogmen",58,2
"8","Jumanji Blade",121,1
"8","Jumping Wrath",74,1
"8","Karate Moon",120,2
"8","Kick Savannah",179,1
"8","Lights Deer",174,1
"8","Magnificent Chitty",53,1
"8","Manchurian Curtain",177,1
"8","Maude Mod",72,1
"8","Meet Chocolate",80,1
"8","Midsummer Groundhog",48,1
"8","Monster Spartacus",107,2
"8","Panther Reds",109,1
"8","Papi Necklace",128,2
"8","Park Citizen",109,2
"8","Patient Sister",99,2
"8","Peach Innocent",160,1
"8","Peak Forever",80,1
"8","Personal Ladybugs",118,1
"8","Pet Haunting",99,1
"8","Pilot Hoosiers",50,2
"8","Pilot Hoosiers",50,1
"8","Punk Divorce",100,2
"8","Pure Runner",121,1
"8","Pure Runner",121,2
"8","Rage Games",120,2
"8","Rear Trading",97,1
"8","Rebel Airport",73,2
"8","Records Zorro",182,1
"8","Redemption Comforts",179,1
"8","Rocky War",145,1
"8","Rocky War",145,2
"8","Roman Punk",81,2
"8","Runaway Tenenbaums",181,2
"8","Runner Madigan",101,2
"8","Saints Bride",125,2
"8","Samurai Lion",110,1
"8","Secrets Paradise",109,2
"8","Shanghai Tycoon",47,1
"8","Shining Roses",125,1
"8","Ship Wonderland",104,1
"8","Sierra Divide",135,1
"8","Sinners Atlantis",126,1
"8","Sleuth Orient",87,2
"8","Smoking Barbarella",50,2
"8","Soldiers Evolution",185,1
"8","Soup Wisdom",169,2
"8","Splendor Patton",134,1
"8","Stagecoach Armageddon",112,1
"8","Star Operation",181,1
"8","Steers Armageddon",140,1
"8","Strangelove Desire",103,2
"8","Sunrise League",135,2
"8","Sunset Racer",48,2
"8","Tarzan Videotape",91,1
"8","Tomorrow Hustler",142,2
"8","Tootsie Pilot",157,1
"8","Tourist Pelican",152,2
"8","Trouble Date",61,1
"8","Tuxedo Mile",152,1
"8","Uncut Suicides",172,2
"8","Undefeated Dalmations",107,1
"8","Unfaithful Kill",78,2
"8","United Pilot",164,2
"8","Untouchables Sunrise",120,2
"8","Velvet Terminator",173,2
"8","Vertigo Northwest",90,2
"8","War Notting",80,1
"8","Wash Heavenly",161,2
"8","Waterfront Deliverance",61,1
"8","Wedding Apollo",70,1
"8","Wind Phantom",111,1
"8","Women Dorado",126,1
"8","Words Hunter",116,2
"8","Words Hunter",116,1
"8","Worker Tarzan",139,1
"8","World Leathernecks",171,2
"7","Ace Goldfinger",48,2
"7","Alone Trip",82,1
"7","Amistad Midsummer",85,2
"7","Attacks Hate",113,1
"7","Bang Kwai",87,1
"7","Barbarella Streetcar",65,2
"7","Barefoot Manchurian",129,2
"7","Beauty Grease",175,2
"7","Bedazzled Married",73,1
"7","Betrayed Rear",122,1
"7","Bulworth Commandments",61,1
"7","Caper Motions",176,1
"7","Cause Date",179,1
"7","Center Dinosaur",152,2
"7","Chasing Fight",114,2
"7","Cincinatti Whisperer",143,1
"7","Cleopatra Devil",150,1
"7","Clerks Angels",164,2
"7","Clue Grail",70,1
"7","Coast Rainbow",55,1
"7","Comforts Rush",76,1
"7","Congeniality Quest",87,1
"7","Connection Microcosmos",115,1
"7","Control Anthem",185,1
"7","Cowboy Doom",146,1
"7","Cruelty Unforgiven",69,1
"7","Dalmations Sweden",106,2
"7","Dawn Pond",57,2
"7","Desert Poseidon",64,1
"7","Destiny Saturday",56,1
"7","Dirty Ace",147,2
"7","Divorce Shining",47,1
"7","Doctor Grail",57,1
"7","Doors President",49,1
"7","Dozen Lion",177,2
"7","Dragonfly Strangers",133,1
"7","Duffel Apocalypse",171,1
"7","Early Home",96,2
"7","Egypt Tenenbaums",85,2
"7","Elf Murder",155,1
"7","Enough Raging",158,1
"7","Entrapment Satisfaction",176,1
"7","Eve Resurrection",66,1
"7","Exorcist Sting",167,1
"7","Fiction Christmas",72,1
"7","Fidelity Devil",118,2
"7","Fire Wolves",173,2
"7","Flatliners Killer",100,2
"7","Frida Slipper",73,1
"7","Fury Murder",178,2
"7","Gables Metropolis",161,2
"7","Galaxy Sweethearts",128,1
"7","Graduate Lord",156,2
"7","Groundhog Uncut",139,1
"7","Gunfighter Mussolini",127,1
"7","Haunting Pianist",181,1
"7","Hawk Chill",47,1
"7","Heavenly Gun",49,1
"7","Hollywood Anonymous",69,1
"7","Horn Working",95,2
"7","Hysterical Grail",150,1
"7","Intentions Empire",107,2
"7","Ishtar Rocketeer",79,1
"7","Jacket Frisco",181,1
"7","Joon Northwest",105,1
"7","Kissing Dolls",141,2
"7","Lawrence Love",175,1
"7","Leathernecks Dwarfs",153,2
"7","Lesson Cleopatra",167,2
"7","License Weekend",91,1
"7","Lion Uncut",50,1
"7","Lola Agent",85,1
"7","Lovely Jingle",65,2
"7","Lovely Jingle",65,1
"7","Luke Mummy",74,2
"7","Madness Attacks",178,2
"7","Magic Mallrats",117,2
"7","Manchurian Curtain",177,2
"7","Masked Bubble",151,2
"7","Memento Zoolander",77,2
"7","Menagerie Rushmore",147,1
"7","Midnight Westward",86,1
"7","Million Ace",142,1
"7","Minds Truman",149,2
"7","Mission Zoolander",164,2
"7","Monster Spartacus",107,1
"7","Moonshine Cabin",171,1
"7","Mother Oleander",103,1
"7","Mother Oleander",103,2
"7","Motions Details",166,2
"7","Mulholland Beast",157,2
"7","Neighbors Charade",161,1
"7","Newsies Story",159,2
"7","Orange Grapes",76,1
"7","Orient Closer",118,1
"7","Outfield Massacre",129,1
"7","Oz Liaisons",85,1
"7","Packer Madigan",84,1
"7","Panic Club",102,1
"7","Panther Reds",109,2
"7","Party Knock",107,1
"7","Patriot Roman",65,1
"7","Perfect Groove",82,1
"7","Philadelphia Wife",137,1
"7","Pizza Jumanji",173,2
"7","Poseidon Forever",159,2
"7","Potter Connecticut",115,2
"7","President Bang",144,1
"7","Queen Luke",163,1
"7","Reign Gentlemen",82,2
"7","Reunion Witches",63,2
"7","River Outlaw",149,2
"7","Rock Instinct",102,1
"7","Roots Remember",89,1
"7","Rouge Squad",118,1
"7","Rules Human",153,2
"7","Sagebrush Clueless",106,2
"7","Sense Greek",54,2
"7","Shawshank Bubble",80,2
"7","Ship Wonderland",104,2
"7","Show Lord",167,1
"7","Sierra Divide",135,2
"7","Silverado Goldfinger",74,2
"7","Spinal Rocky",138,1
"7","Squad Fish",136,1
"7","Stallion Sundance",130,2
"7","Steers Armageddon",140,2
"7","Stepmom Dream",48,2
"7","Streak Ridgemont",132,2
"7","Sugar Wonka",114,1
"7","Summer Scarface",53,2
"7","Sundance Invasion",92,2
"7","Tomatoes Hellfighters",68,1
"7","Tomatoes Hellfighters",68,2
"7","Tootsie Pilot",157,2
"7","Town Ark",136,1
"7","Town Ark",136,2
"7","Tramp Others",171,1
"7","Trap Guys",110,1
"7","Treatment Jekyll",87,2
"7","Unbreakable Karate",62,2
"7","Unforgiven Zoolander",129,1
"7","Vanished Garden",142,2
"7","Vision Torque",59,1
"7","Weekend Personal",134,2
"7","Wonderland Christmas",111,2
"7","Worker Tarzan",139,2
"7","Wrong Behavior",178,2
"7","Young Language",183,1
"6","Airplane Sierra",62,1
"6","Alley Evolution",180,1
"6","Apocalypse Flamingos",119,2
"6","Bed Highball",106,2
"6","Bedazzled Married",73,2
"6","Berets Agent",77,1
"6","Bill Others",93,2
"6","Birch Antitrust",162,1
"6","Bowfinger Gables",72,2
"6","Breakfast Goldfinger",123,1
"6","Brooklyn Desert",161,2
"6","Bubble Grosse",60,2
"6","Campus Remember",167,1
"6","Canyon Stock",85,2
"6","Cassidy Wyoming",61,2
"6","Chicago North",185,2
"6","Cincinatti Whisperer",143,2
"6","Comancheros Enemy",67,1
"6","Confessions Maguire",65,1
"6","Confused Candles",122,1
"6","Core Suit",92,1
"6","Craft Outfield",64,2
"6","Creatures Shakespeare",139,1
"6","Crow Grease",104,1
"6","Crow Grease",104,2
"6","Darn Forrester",185,2
"6","Desperate Trainspotting",81,1
"6","Devil Desire",87,1
"6","Duck Racer",116,1
"6","Dumbo Lust",119,2
"6","Encino Elf",143,1
"6","Exorcist Sting",167,2
"6","Extraordinary Conquerer",122,2
"6","Flintstones Happiness",148,2
"6","Frontier Cabin",183,1
"6","Gentlemen Stage",125,1
"6","Gold River",154,2
"6","Graceland Dynamite",140,1
"6","Greek Everyone",176,1
"6","Happiness United",100,2
"6","Haunted Antitrust",76,2
"6","Highball Potter",110,1
"6","Hollywood Anonymous",69,2
"6","Holocaust Highball",149,2
"6","House Dynamite",109,1
"6","Human Graffiti",68,1
"6","Insects Stone",123,1
"6","Instinct Airport",116,2
"6","Italian African",174,2
"6","Japanese Run",135,2
"6","Jericho Mulan",171,2
"6","Jersey Sassy",60,2
"6","Killer Innocent",161,1
"6","Ladybugs Armageddon",113,2
"6","Lawrence Love",175,2
"6","League Hellfighters",110,1
"6","Lebowski Soldiers",69,1
"6","Madison Trap",147,1
"6","Magnolia Forrester",171,1
"6","Memento Zoolander",77,1
"6","Moulin Wake",79,2
"6","Mummy Creatures",160,1
"6","Musketeers Wait",73,2
"6","National Story",92,1
"6","Newton Labyrinth",75,1
"6","Novocaine Flight",64,2
"6","Oklahoma Jumanji",58,2
"6","Paradise Sabrina",48,2
"6","Party Knock",107,2
"6","Paths Control",118,2
"6","Peach Innocent",160,2
"6","Personal Ladybugs",118,2
"6","Phantom Glory",60,1
"6","Prejudice Oleander",98,2
"6","Quills Bull",112,1
"6","Reap Unfaithful",136,1
"6","Reef Salute",123,2
"6","Room Roman",60,1
"6","Rushmore Mermaid",150,2
"6","Satisfaction Confidential",75,2
"6","School Jacket",151,2
"6","Shanghai Tycoon",47,2
"6","Side Ark",52,1
"6","Side Ark",52,2
"6","Simon North",51,1
"6","Sleepless Monsoon",64,1
"6","Sling Luke",84,2
"6","Something Duck",180,2
"6","Spinal Rocky",138,2
"6","Taxi Kick",64,2
"6","Tequila Past",53,2
"6","Terminator Club",88,2
"6","Texas Watch",179,1
"6","Uncut Suicides",172,1
"6","Varsity Trip",85,1
"6","Vietnam Smoochy",174,1
"6","Voice Peach",139,1
"6","Warlock Werewolf",83,1
"6","Watership Frontier",112,1
"6","Wild Apollo",181,1
"6","Willow Tracy",137,1
"6","Worst Banger",185,1
"6","Yentl Idaho",86,2
"6","Youth Kick",179,1
"6","Zoolander Fiction",101,1
"5","Birch Antitrust",162,2
"5","Bowfinger Gables",72,1
"5","Braveheart Human",176,1
"5","Bull Shawshank",125,1
"5","Bunch Minds",63,2
"5","Candidate Perdition",70,1
"5","Casablanca Super",85,1
"5","Chamber Italian",117,1
"5","Coldblooded Darling",70,2
"5","Command Darling",120,1
"5","Conspiracy Spirit",184,2
"5","Day Unfaithful",113,1
"5","Disciple Mother",141,2
"5","Driver Annie",159,1
"5","Eagles Panky",140,2
"5","Fever Empire",158,1
"5","Flying Hook",69,1
"5","Freedom Cleopatra",133,1
"5","Full Flatliners",94,1
"5","Glory Tracy",115,1
"5","Grinch Massage",150,1
"5","Gunfighter Mussolini",127,2
"5","Hall Cassidy",51,2
"5","Holes Brannigan",128,1
"5","Homicide Peach",141,2
"5","Hunter Alter",125,1
"5","Image Princess",178,2
"5","Inch Jet",167,1
"5","Independence Hotel",157,1
"5","Indian Love",135,1
"5","Informer Double",74,2
"5","Jet Neighbors",59,2
"5","Lady Stage",67,2
"5","Louisiana Harry",70,1
"5","Magnolia Forrester",171,2
"5","Mannequin Worst",71,2
"5","Mermaid Insects",104,1
"5","Mine Titans",166,2
"5","Mussolini Spoilers",180,2
"5","Nemo Campus",131,1
"5","Outlaw Hanky",148,2
"5","Panky Submarine",93,1
"5","Paycheck Wait",145,2
"5","Pinocchio Simon",103,1
"5","Pollock Deliverance",137,2
"5","Pride Alamo",114,1
"5","Private Drop",106,1
"5","Quest Mussolini",177,1
"5","Reef Salute",123,1
"5","Road Roxanne",158,1
"5","Seven Swarm",127,2
"5","Silence Kane",67,1
"5","Silverado Goldfinger",74,1
"5","Traffic Hobbit",139,2
"5","Troopers Metal",115,2
"5","Turn Star",80,2
"5","Tuxedo Mile",152,2
"5","Valley Packer",73,2
"5","Vanishing Rocky",123,1
"5","Virgin Daisy",179,1
"5","Watch Tracy",78,1
"5","Wonka Sea",85,2
"4","Alabama Devil",114,2
"4","Cider Desire",101,1
"4","French Holiday",99,2
"4","Frida Slipper",73,2
"4","Hardly Robbers",72,1
"4","Hunger Roof",105,1
"4","Jaws Harry",112,1
"4","Lust Lock",52,2
"4","Meet Chocolate",80,2
"4","Mixed Doors",180,1
"4","Paths Control",118,1
"4","Pond Seattle",185,2
"4","Racer Egg",147,1
"4","Remember Diary",110,1
"4","Salute Apollo",73,1
"4","Slacker Liaisons",179,2
"4","Sons Interview",184,2
"4","State Wasteland",113,2
"4","Thief Pelican",135,2
"4","Train Bunch",71,1
"4","Wait Cider",112,2
"4","War Notting",80,2
"4","Wizard Coldblooded",75,2
"0","Alice Fantasia",94,NULL
"0","Apollo Teen",153,NULL
"0","Argonauts Town",127,NULL
"0","Ark Ridgemont",68,NULL
"0","Arsenic Independence",137,NULL
"0","Boondock Ballroom",76,NULL
"0","Butch Panther",67,NULL
"0","Catch Amistad",183,NULL
"0","Chinatown Gladiator",61,NULL
"0","Chocolate Duck",132,NULL
"0","Commandments Express",59,NULL
"0","Crossing Divorce",50,NULL
"0","Crowds Telemark",112,NULL
"0","Crystal Breaking",184,NULL
"0","Dazed Punk",120,NULL
"0","Deliverance Mulholland",100,NULL
"0","Firehouse Vietnam",103,NULL
"0","Floats Garden",145,NULL
"0","Frankenstein Stranger",159,NULL
"0","Gladiator Westward",173,NULL
"0","Gump Date",53,NULL
"0","Hate Handicap",107,NULL
"0","Hocus Frida",141,NULL
"0","Kentuckian Giant",169,NULL
"0","Kill Brotherhood",54,NULL
"0","Muppet Mile",50,NULL
"0","Order Betrayed",120,NULL
"0","Pearl Destiny",74,NULL
"0","Perdition Fargo",99,NULL
"0","Psycho Shrunk",155,NULL
"0","Raiders Antitrust",82,NULL
"0","Rainbow Shock",74,NULL
"0","Roof Champion",101,NULL
"0","Sister Freddy",152,NULL
"0","Sky Miracle",132,NULL
"0","Suicides Silence",93,NULL
"0","Tadpole Park",155,NULL
"0","Treasure Command",102,NULL
"0","Villain Desperate",76,NULL
"0","Volume House",132,NULL
"0","Wake Jaws",73,NULL
"0","Walls Artist",135,NULL
