"title","shop","count","rental_rate"
"Academy Dinosaur","28 MySQL Boulevard","4","0.99"
"Ace Goldfinger","28 MySQL Boulevard","3","4.99"
"Adaptation Holes","28 MySQL Boulevard","4","2.99"
"Affair Prejudice","28 MySQL Boulevard","3","2.99"
"African Egg","28 MySQL Boulevard","3","2.99"
"Agent Truman","28 MySQL Boulevard","3","2.99"
"Airplane Sierra","28 MySQL Boulevard","3","4.99"
"Airport Pollock","28 MySQL Boulevard","4","4.99"
"Alabama Devil","28 MySQL Boulevard","2","2.99"
"Aladdin Calendar","28 MySQL Boulevard","3","4.99"
"Alamo Videotape","28 MySQL Boulevard","3","0.99"
"Alaska Phantom","28 MySQL Boulevard","4","0.99"
"Ali Forever","28 MySQL Boulevard","4","4.99"
"Alien Center","28 MySQL Boulevard","4","2.99"
"Alley Evolution","28 MySQL Boulevard","2","2.99"
"Alone Trip","28 MySQL Boulevard","3","0.99"
"Alter Victory","28 MySQL Boulevard","3","0.99"
"Amadeus Holy","28 MySQL Boulevard","2","0.99"
"American Circus","28 MySQL Boulevard","4","4.99"
"Amistad Midsummer","28 MySQL Boulevard","3","2.99"
"Anaconda Confessions","28 MySQL Boulevard","2","0.99"
"Angels Life","28 MySQL Boulevard","2","2.99"
"Annie Identity","28 MySQL Boulevard","3","0.99"
"Apache Divine","28 MySQL Boulevard","4","4.99"
"Apocalypse Flamingos","28 MySQL Boulevard","2","4.99"
"Arabia Dogma","28 MySQL Boulevard","4","0.99"
"Arachnophobia Rollercoaster","28 MySQL Boulevard","3","2.99"
"Arizona Bang","28 MySQL Boulevard","3","2.99"
"Armageddon Lost","28 MySQL Boulevard","4","0.99"
"Army Flintstones","28 MySQL Boulevard","4","0.99"
"Artist Coldblooded","28 MySQL Boulevard","4","2.99"
"Atlantis Cause","28 MySQL Boulevard","4","2.99"
"Attacks Hate","28 MySQL Boulevard","3","4.99"
"Attraction Newton","28 MySQL Boulevard","2","4.99"
"Autumn Crow","28 MySQL Boulevard","3","4.99"
"Baby Hall","28 MySQL Boulevard","2","4.99"
"Backlash Undefeated","28 MySQL Boulevard","2","4.99"
"Badman Dawn","28 MySQL Boulevard","3","2.99"
"Baked Cleopatra","28 MySQL Boulevard","2","2.99"
"Balloon Homeward","28 MySQL Boulevard","4","2.99"
"Ballroom Mockingbird","28 MySQL Boulevard","2","0.99"
"Banger Pinocchio","28 MySQL Boulevard","2","0.99"
"Barbarella Streetcar","28 MySQL Boulevard","2","2.99"
"Barefoot Manchurian","28 MySQL Boulevard","2","2.99"
"Basic Easy","28 MySQL Boulevard","3","2.99"
"Beach Heartbreakers","28 MySQL Boulevard","4","2.99"
"Bear Graceland","28 MySQL Boulevard","2","2.99"
"Beauty Grease","28 MySQL Boulevard","2","4.99"
"Bed Highball","28 MySQL Boulevard","2","2.99"
"Bedazzled Married","28 MySQL Boulevard","2","0.99"
"Beethoven Exorcist","28 MySQL Boulevard","3","0.99"
"Behavior Runaway","28 MySQL Boulevard","4","4.99"
"Berets Agent","28 MySQL Boulevard","4","2.99"
"Betrayed Rear","28 MySQL Boulevard","2","4.99"
"Beverly Outlaw","28 MySQL Boulevard","4","2.99"
"Bikini Borrowers","28 MySQL Boulevard","2","4.99"
"Bilko Anonymous","28 MySQL Boulevard","4","4.99"
"Bill Others","28 MySQL Boulevard","2","2.99"
"Bingo Talented","28 MySQL Boulevard","4","2.99"
"Birch Antitrust","28 MySQL Boulevard","2","4.99"
"Bird Independence","28 MySQL Boulevard","3","4.99"
"Birds Perdition","28 MySQL Boulevard","2","4.99"
"Blackout Private","28 MySQL Boulevard","4","2.99"
"Blade Polish","28 MySQL Boulevard","3","0.99"
"Blues Instinct","28 MySQL Boulevard","2","2.99"
"Bonnie Holocaust","28 MySQL Boulevard","4","0.99"
"Boogie Amelie","28 MySQL Boulevard","4","4.99"
"Born Spinal","28 MySQL Boulevard","4","4.99"
"Borrowers Bedazzled","28 MySQL Boulevard","3","0.99"
"Boulevard Mob","28 MySQL Boulevard","3","0.99"
"Bound Cheaper","28 MySQL Boulevard","4","0.99"
"Bowfinger Gables","28 MySQL Boulevard","2","4.99"
"Brannigan Sunrise","28 MySQL Boulevard","3","4.99"
"Breakfast Goldfinger","28 MySQL Boulevard","3","4.99"
"Bride Intrigue","28 MySQL Boulevard","2","0.99"
"Bringing Hysterical","28 MySQL Boulevard","3","2.99"
"Brooklyn Desert","28 MySQL Boulevard","2","4.99"
"Brotherhood Blanket","28 MySQL Boulevard","2","0.99"
"Bubble Grosse","28 MySQL Boulevard","2","4.99"
"Bucket Brotherhood","28 MySQL Boulevard","4","4.99"
"Bugsy Song","28 MySQL Boulevard","3","2.99"
"Bull Shawshank","28 MySQL Boulevard","3","0.99"
"Bunch Minds","28 MySQL Boulevard","2","2.99"
"Butterfly Chocolat","28 MySQL Boulevard","4","0.99"
"Caddyshack Jedi","28 MySQL Boulevard","4","0.99"
"Calendar Gunfight","28 MySQL Boulevard","3","4.99"
"California Birds","28 MySQL Boulevard","4","4.99"
"Camelot Vacation","28 MySQL Boulevard","3","0.99"
"Campus Remember","28 MySQL Boulevard","4","2.99"
"Candidate Perdition","28 MySQL Boulevard","4","2.99"
"Candles Grapes","28 MySQL Boulevard","2","4.99"
"Canyon Stock","28 MySQL Boulevard","2","0.99"
"Caper Motions","28 MySQL Boulevard","4","0.99"
"Carol Texas","28 MySQL Boulevard","3","2.99"
"Carrie Bunch","28 MySQL Boulevard","3","0.99"
"Casablanca Super","28 MySQL Boulevard","3","4.99"
"Casper Dragonfly","28 MySQL Boulevard","3","4.99"
"Cassidy Wyoming","28 MySQL Boulevard","2","2.99"
"Casualties Encino","28 MySQL Boulevard","3","4.99"
"Cat Coneheads","28 MySQL Boulevard","4","4.99"
"Cause Date","28 MySQL Boulevard","3","2.99"
"Celebrity Horn","28 MySQL Boulevard","4","0.99"
"Center Dinosaur","28 MySQL Boulevard","2","4.99"
"Chainsaw Uptown","28 MySQL Boulevard","2","0.99"
"Chamber Italian","28 MySQL Boulevard","2","4.99"
"Champion Flatliners","28 MySQL Boulevard","3","4.99"
"Chance Resurrection","28 MySQL Boulevard","4","2.99"
"Charade Duffel","28 MySQL Boulevard","4","2.99"
"Chariots Conspiracy","28 MySQL Boulevard","3","2.99"
"Chasing Fight","28 MySQL Boulevard","2","4.99"
"Cheaper Clyde","28 MySQL Boulevard","3","0.99"
"Chicago North","28 MySQL Boulevard","2","4.99"
"Chicken Hellfighters","28 MySQL Boulevard","2","0.99"
"Chill Luck","28 MySQL Boulevard","3","0.99"
"Chisum Behavior","28 MySQL Boulevard","3","4.99"
"Chocolat Harry","28 MySQL Boulevard","3","0.99"
"Christmas Moonshine","28 MySQL Boulevard","3","0.99"
"Cider Desire","28 MySQL Boulevard","4","2.99"
"Cincinatti Whisperer","28 MySQL Boulevard","2","4.99"
"Clash Freddy","28 MySQL Boulevard","4","2.99"
"Cleopatra Devil","28 MySQL Boulevard","3","0.99"
"Clerks Angels","28 MySQL Boulevard","2","4.99"
"Clockwork Paradise","28 MySQL Boulevard","3","0.99"
"Clones Pinocchio","28 MySQL Boulevard","3","2.99"
"Closer Bang","28 MySQL Boulevard","3","4.99"
"Club Graffiti","28 MySQL Boulevard","3","0.99"
"Clueless Bucket","28 MySQL Boulevard","4","2.99"
"Clyde Theory","28 MySQL Boulevard","3","0.99"
"Coast Rainbow","28 MySQL Boulevard","3","0.99"
"Coldblooded Darling","28 MySQL Boulevard","2","4.99"
"Color Philadelphia","28 MySQL Boulevard","2","2.99"
"Coma Head","28 MySQL Boulevard","3","4.99"
"Comforts Rush","28 MySQL Boulevard","2","2.99"
"Command Darling","28 MySQL Boulevard","4","4.99"
"Coneheads Smoochy","28 MySQL Boulevard","3","4.99"
"Confessions Maguire","28 MySQL Boulevard","2","4.99"
"Confidential Interview","28 MySQL Boulevard","4","4.99"
"Confused Candles","28 MySQL Boulevard","3","2.99"
"Congeniality Quest","28 MySQL Boulevard","4","0.99"
"Connecticut Tramp","28 MySQL Boulevard","3","4.99"
"Conspiracy Spirit","28 MySQL Boulevard","2","2.99"
"Contact Anonymous","28 MySQL Boulevard","4","2.99"
"Conversation Downhill","28 MySQL Boulevard","3","4.99"
"Core Suit","28 MySQL Boulevard","3","2.99"
"Craft Outfield","28 MySQL Boulevard","2","0.99"
"Cranes Reservoir","28 MySQL Boulevard","3","2.99"
"Creatures Shakespeare","28 MySQL Boulevard","4","0.99"
"Creepers Kane","28 MySQL Boulevard","4","4.99"
"Crooked Frogmen","28 MySQL Boulevard","3","0.99"
"Crossroads Casualties","28 MySQL Boulevard","4","2.99"
"Crow Grease","28 MySQL Boulevard","2","0.99"
"Cupboard Sinners","28 MySQL Boulevard","4","2.99"
"Curtain Videotape","28 MySQL Boulevard","4","0.99"
"Daisy Menagerie","28 MySQL Boulevard","4","4.99"
"Dalmations Sweden","28 MySQL Boulevard","2","0.99"
"Dancing Fever","28 MySQL Boulevard","4","0.99"
"Darko Dorado","28 MySQL Boulevard","3","4.99"
"Darn Forrester","28 MySQL Boulevard","2","4.99"
"Daughter Madigan","28 MySQL Boulevard","4","4.99"
"Dawn Pond","28 MySQL Boulevard","3","4.99"
"Day Unfaithful","28 MySQL Boulevard","3","4.99"
"Deceiver Betrayed","28 MySQL Boulevard","3","0.99"
"Deer Virginian","28 MySQL Boulevard","4","2.99"
"Desert Poseidon","28 MySQL Boulevard","4","4.99"
"Desire Alien","28 MySQL Boulevard","2","2.99"
"Destiny Saturday","28 MySQL Boulevard","3","4.99"
"Details Packer","28 MySQL Boulevard","2","4.99"
"Detective Vision","28 MySQL Boulevard","4","0.99"
"Devil Desire","28 MySQL Boulevard","2","4.99"
"Dinosaur Secretary","28 MySQL Boulevard","4","2.99"
"Dirty Ace","28 MySQL Boulevard","2","2.99"
"Disciple Mother","28 MySQL Boulevard","2","0.99"
"Disturbing Scarface","28 MySQL Boulevard","3","2.99"
"Divide Monster","28 MySQL Boulevard","4","2.99"
"Divine Resurrection","28 MySQL Boulevard","4","2.99"
"Dogma Family","28 MySQL Boulevard","4","4.99"
"Dolls Rage","28 MySQL Boulevard","3","2.99"
"Doom Dancing","28 MySQL Boulevard","3","0.99"
"Doors President","28 MySQL Boulevard","4","4.99"
"Dorado Notting","28 MySQL Boulevard","3","4.99"
"Double Wrath","28 MySQL Boulevard","4","0.99"
"Doubtfire Labyrinth","28 MySQL Boulevard","3","4.99"
"Downhill Enough","28 MySQL Boulevard","4","0.99"
"Dozen Lion","28 MySQL Boulevard","2","4.99"
"Dracula Crystal","28 MySQL Boulevard","4","0.99"
"Dragon Squad","28 MySQL Boulevard","4","0.99"
"Dragonfly Strangers","28 MySQL Boulevard","3","4.99"
"Dream Pickup","28 MySQL Boulevard","3","2.99"
"Drifter Commandments","28 MySQL Boulevard","2","4.99"
"Driver Annie","28 MySQL Boulevard","3","2.99"
"Driving Polish","28 MySQL Boulevard","2","4.99"
"Drop Waterfront","28 MySQL Boulevard","3","4.99"
"Drumline Cyclone","28 MySQL Boulevard","3","0.99"
"Drums Dynamite","28 MySQL Boulevard","4","0.99"
"Dude Blindness","28 MySQL Boulevard","4","4.99"
"Dumbo Lust","28 MySQL Boulevard","2","0.99"
"Durham Panky","28 MySQL Boulevard","3","4.99"
"Dwarfs Alter","28 MySQL Boulevard","2","2.99"
"Dynamite Tarzan","28 MySQL Boulevard","4","0.99"
"Eagles Panky","28 MySQL Boulevard","2","4.99"
"Early Home","28 MySQL Boulevard","2","4.99"
"Earring Instinct","28 MySQL Boulevard","4","0.99"
"Earth Vision","28 MySQL Boulevard","4","0.99"
"Easy Gladiator","28 MySQL Boulevard","2","4.99"
"Effect Gladiator","28 MySQL Boulevard","3","0.99"
"Egg Igby","28 MySQL Boulevard","4","2.99"
"Egypt Tenenbaums","28 MySQL Boulevard","2","0.99"
"Empire Malkovich","28 MySQL Boulevard","2","0.99"
"Encino Elf","28 MySQL Boulevard","4","0.99"
"Encounters Curtain","28 MySQL Boulevard","3","0.99"
"Enemy Odds","28 MySQL Boulevard","4","4.99"
"English Bulworth","28 MySQL Boulevard","4","0.99"
"Enough Raging","28 MySQL Boulevard","3","2.99"
"Entrapment Satisfaction","28 MySQL Boulevard","2","0.99"
"Escape Metropolis","28 MySQL Boulevard","4","2.99"
"Excitement Eve","28 MySQL Boulevard","3","0.99"
"Exorcist Sting","28 MySQL Boulevard","3","2.99"
"Expecations Natural","28 MySQL Boulevard","3","4.99"
"Expendable Stallion","28 MySQL Boulevard","4","0.99"
"Extraordinary Conquerer","28 MySQL Boulevard","2","2.99"
"Eyes Driving","28 MySQL Boulevard","3","2.99"
"Falcon Volume","28 MySQL Boulevard","4","4.99"
"Family Sweet","28 MySQL Boulevard","4","0.99"
"Fantasia Park","28 MySQL Boulevard","4","2.99"
"Fantasy Troopers","28 MySQL Boulevard","2","0.99"
"Fargo Gandhi","28 MySQL Boulevard","2","2.99"
"Fatal Haunted","28 MySQL Boulevard","3","2.99"
"Fellowship Autumn","28 MySQL Boulevard","3","4.99"
"Ferris Mother","28 MySQL Boulevard","2","2.99"
"Feud Frogmen","28 MySQL Boulevard","4","0.99"
"Fiction Christmas","28 MySQL Boulevard","4","0.99"
"Fiddler Lost","28 MySQL Boulevard","3","4.99"
"Fidelity Devil","28 MySQL Boulevard","2","4.99"
"Fight Jawbreaker","28 MySQL Boulevard","4","0.99"
"Finding Anaconda","28 MySQL Boulevard","3","0.99"
"Fire Wolves","28 MySQL Boulevard","2","4.99"
"Fireball Philadelphia","28 MySQL Boulevard","3","0.99"
"Fish Opus","28 MySQL Boulevard","4","2.99"
"Flamingos Connecticut","28 MySQL Boulevard","4","4.99"
"Flatliners Killer","28 MySQL Boulevard","2","2.99"
"Flight Lies","28 MySQL Boulevard","4","4.99"
"Flintstones Happiness","28 MySQL Boulevard","2","4.99"
"Flying Hook","28 MySQL Boulevard","4","2.99"
"Fool Mockingbird","28 MySQL Boulevard","2","4.99"
"Forever Candidate","28 MySQL Boulevard","4","2.99"
"Forrest Sons","28 MySQL Boulevard","3","2.99"
"Forrester Comancheros","28 MySQL Boulevard","3","4.99"
"Forward Temple","28 MySQL Boulevard","4","2.99"
"Freaky Pocus","28 MySQL Boulevard","2","2.99"
"Freddy Storm","28 MySQL Boulevard","4","4.99"
"French Holiday","28 MySQL Boulevard","2","4.99"
"Frida Slipper","28 MySQL Boulevard","2","2.99"
"Frisco Forrest","28 MySQL Boulevard","3","4.99"
"Frogmen Breaking","28 MySQL Boulevard","3","0.99"
"Frost Head","28 MySQL Boulevard","4","0.99"
"Fury Murder","28 MySQL Boulevard","2","0.99"
"Gables Metropolis","28 MySQL Boulevard","2","0.99"
"Galaxy Sweethearts","28 MySQL Boulevard","4","4.99"
"Gandhi Kwai","28 MySQL Boulevard","4","0.99"
"Gangs Pride","28 MySQL Boulevard","3","2.99"
"Garden Island","28 MySQL Boulevard","4","4.99"
"Gaslight Crusade","28 MySQL Boulevard","3","2.99"
"Gathering Calendar","28 MySQL Boulevard","4","0.99"
"Gentlemen Stage","28 MySQL Boulevard","4","2.99"
"Ghost Groundhog","28 MySQL Boulevard","2","4.99"
"Ghostbusters Elf","28 MySQL Boulevard","2","0.99"
"Giant Troopers","28 MySQL Boulevard","4","2.99"
"Gilbert Pelican","28 MySQL Boulevard","4","0.99"
"Gilmore Boiled","28 MySQL Boulevard","4","0.99"
"Gleaming Jawbreaker","28 MySQL Boulevard","4","2.99"
"Go Purple","28 MySQL Boulevard","3","0.99"
"Gold River","28 MySQL Boulevard","2","4.99"
"Goldfinger Sensibility","28 MySQL Boulevard","3","0.99"
"Goldmine Tycoon","28 MySQL Boulevard","3","0.99"
"Goodfellas Salute","28 MySQL Boulevard","4","4.99"
"Gorgeous Bingo","28 MySQL Boulevard","2","2.99"
"Graduate Lord","28 MySQL Boulevard","2","2.99"
"Graffiti Love","28 MySQL Boulevard","4","0.99"
"Grapes Fury","28 MySQL Boulevard","3","0.99"
"Grease Youth","28 MySQL Boulevard","3","0.99"
"Greatest North","28 MySQL Boulevard","4","2.99"
"Greedy Roots","28 MySQL Boulevard","4","0.99"
"Greek Everyone","28 MySQL Boulevard","3","2.99"
"Grinch Massage","28 MySQL Boulevard","3","4.99"
"Grit Clockwork","28 MySQL Boulevard","4","0.99"
"Groove Fiction","28 MySQL Boulevard","2","0.99"
"Grosse Wonderful","28 MySQL Boulevard","3","4.99"
"Groundhog Uncut","28 MySQL Boulevard","3","4.99"
"Gun Bonnie","28 MySQL Boulevard","3","0.99"
"Gunfight Moon","28 MySQL Boulevard","3","0.99"
"Gunfighter Mussolini","28 MySQL Boulevard","2","2.99"
"Half Outfield","28 MySQL Boulevard","3","2.99"
"Hall Cassidy","28 MySQL Boulevard","2","4.99"
"Handicap Boondock","28 MySQL Boulevard","3","0.99"
"Hanging Deep","28 MySQL Boulevard","4","4.99"
"Hanky October","28 MySQL Boulevard","4","2.99"
"Hanover Galaxy","28 MySQL Boulevard","4","4.99"
"Happiness United","28 MySQL Boulevard","2","2.99"
"Harper Dying","28 MySQL Boulevard","3","0.99"
"Harry Idaho","28 MySQL Boulevard","4","4.99"
"Haunted Antitrust","28 MySQL Boulevard","2","4.99"
"Haunting Pianist","28 MySQL Boulevard","4","0.99"
"Head Stranger","28 MySQL Boulevard","3","4.99"
"Heartbreakers Bright","28 MySQL Boulevard","3","4.99"
"Heaven Freedom","28 MySQL Boulevard","2","2.99"
"Heavyweights Beast","28 MySQL Boulevard","4","4.99"
"Hellfighters Sierra","28 MySQL Boulevard","3","2.99"
"High Encino","28 MySQL Boulevard","3","2.99"
"Highball Potter","28 MySQL Boulevard","4","0.99"
"Hills Neighbors","28 MySQL Boulevard","2","0.99"
"Hobbit Alien","28 MySQL Boulevard","4","0.99"
"Holes Brannigan","28 MySQL Boulevard","3","4.99"
"Holiday Games","28 MySQL Boulevard","4","4.99"
"Hollow Jeopardy","28 MySQL Boulevard","2","4.99"
"Hollywood Anonymous","28 MySQL Boulevard","2","0.99"
"Holocaust Highball","28 MySQL Boulevard","2","0.99"
"Holy Tadpole","28 MySQL Boulevard","2","0.99"
"Home Pity","28 MySQL Boulevard","3","4.99"
"Homicide Peach","28 MySQL Boulevard","2","2.99"
"Honey Ties","28 MySQL Boulevard","4","0.99"
"Hook Chariots","28 MySQL Boulevard","4","0.99"
"Hoosiers Birdcage","28 MySQL Boulevard","3","2.99"
"Hope Tootsie","28 MySQL Boulevard","2","2.99"
"Horn Working","28 MySQL Boulevard","2","2.99"
"Horror Reign","28 MySQL Boulevard","4","0.99"
"Hours Rage","28 MySQL Boulevard","3","0.99"
"House Dynamite","28 MySQL Boulevard","4","2.99"
"Human Graffiti","28 MySQL Boulevard","3","2.99"
"Hunchback Impossible","28 MySQL Boulevard","2","4.99"
"Hunger Roof","28 MySQL Boulevard","2","0.99"
"Hurricane Affair","28 MySQL Boulevard","4","2.99"
"Hustler Party","28 MySQL Boulevard","4","4.99"
"Hyde Doctor","28 MySQL Boulevard","3","2.99"
"Hysterical Grail","28 MySQL Boulevard","2","4.99"
"Ice Crossing","28 MySQL Boulevard","3","2.99"
"Idaho Love","28 MySQL Boulevard","3","2.99"
"Identity Lover","28 MySQL Boulevard","4","2.99"
"Idols Snatchers","28 MySQL Boulevard","4","2.99"
"Igby Maker","28 MySQL Boulevard","3","4.99"
"Illusion Amelie","28 MySQL Boulevard","4","0.99"
"Image Princess","28 MySQL Boulevard","2","2.99"
"Inch Jet","28 MySQL Boulevard","4","4.99"
"Independence Hotel","28 MySQL Boulevard","4","0.99"
"Indian Love","28 MySQL Boulevard","4","0.99"
"Informer Double","28 MySQL Boulevard","2","4.99"
"Innocent Usual","28 MySQL Boulevard","4","4.99"
"Insects Stone","28 MySQL Boulevard","4","0.99"
"Insider Arizona","28 MySQL Boulevard","3","2.99"
"Instinct Airport","28 MySQL Boulevard","2","2.99"
"Intentions Empire","28 MySQL Boulevard","3","2.99"
"Interview Liaisons","28 MySQL Boulevard","3","4.99"
"Intrigue Worst","28 MySQL Boulevard","3","0.99"
"Invasion Cyclone","28 MySQL Boulevard","4","2.99"
"Iron Moon","28 MySQL Boulevard","3","4.99"
"Island Exorcist","28 MySQL Boulevard","4","2.99"
"Italian African","28 MySQL Boulevard","2","4.99"
"Jacket Frisco","28 MySQL Boulevard","3","2.99"
"Jade Bunch","28 MySQL Boulevard","4","2.99"
"Japanese Run","28 MySQL Boulevard","2","0.99"
"Jason Trap","28 MySQL Boulevard","4","2.99"
"Jawbreaker Brooklyn","28 MySQL Boulevard","3","0.99"
"Jaws Harry","28 MySQL Boulevard","3","2.99"
"Jedi Beneath","28 MySQL Boulevard","3","0.99"
"Jeepers Wedding","28 MySQL Boulevard","2","2.99"
"Jekyll Frogmen","28 MySQL Boulevard","3","2.99"
"Jericho Mulan","28 MySQL Boulevard","2","2.99"
"Jerk Paycheck","28 MySQL Boulevard","3","2.99"
"Jersey Sassy","28 MySQL Boulevard","3","4.99"
"Jet Neighbors","28 MySQL Boulevard","2","4.99"
"Jingle Sagebrush","28 MySQL Boulevard","3","4.99"
"Joon Northwest","28 MySQL Boulevard","3","0.99"
"Juggler Hardly","28 MySQL Boulevard","4","0.99"
"Jumping Wrath","28 MySQL Boulevard","4","0.99"
"Kane Exorcist","28 MySQL Boulevard","3","0.99"
"Karate Moon","28 MySQL Boulevard","2","0.99"
"Kick Savannah","28 MySQL Boulevard","3","0.99"
"Kiss Glory","28 MySQL Boulevard","4","4.99"
"Kissing Dolls","28 MySQL Boulevard","2","4.99"
"Knock Warlock","28 MySQL Boulevard","3","2.99"
"Kwai Homeward","28 MySQL Boulevard","2","0.99"
"Labyrinth League","28 MySQL Boulevard","4","2.99"
"Lady Stage","28 MySQL Boulevard","2","4.99"
"Ladybugs Armageddon","28 MySQL Boulevard","2","0.99"
"Lambs Cincinatti","28 MySQL Boulevard","3","4.99"
"Language Cowboy","28 MySQL Boulevard","3","0.99"
"Lawrence Love","28 MySQL Boulevard","3","0.99"
"League Hellfighters","28 MySQL Boulevard","4","4.99"
"Leathernecks Dwarfs","28 MySQL Boulevard","2","2.99"
"Lebowski Soldiers","28 MySQL Boulevard","4","2.99"
"Legally Secretary","28 MySQL Boulevard","2","4.99"
"Legend Jedi","28 MySQL Boulevard","3","0.99"
"Lesson Cleopatra","28 MySQL Boulevard","2","0.99"
"Liaisons Sweet","28 MySQL Boulevard","4","4.99"
"Liberty Magnificent","28 MySQL Boulevard","4","2.99"
"Lies Treatment","28 MySQL Boulevard","3","4.99"
"Life Twisted","28 MySQL Boulevard","2","2.99"
"Lion Uncut","28 MySQL Boulevard","4","0.99"
"Loathing Legally","28 MySQL Boulevard","4","0.99"
"Lock Rear","28 MySQL Boulevard","4","2.99"
"Lola Agent","28 MySQL Boulevard","4","4.99"
"Lose Inch","28 MySQL Boulevard","4","0.99"
"Loser Hustler","28 MySQL Boulevard","4","4.99"
"Louisiana Harry","28 MySQL Boulevard","3","0.99"
"Lovely Jingle","28 MySQL Boulevard","2","2.99"
"Lover Truman","28 MySQL Boulevard","3","2.99"
"Loverboy Attacks","28 MySQL Boulevard","3","0.99"
"Luke Mummy","28 MySQL Boulevard","2","2.99"
"Lust Lock","28 MySQL Boulevard","2","2.99"
"Madison Trap","28 MySQL Boulevard","2","2.99"
"Madness Attacks","28 MySQL Boulevard","2","0.99"
"Madre Gables","28 MySQL Boulevard","4","2.99"
"Magic Mallrats","28 MySQL Boulevard","2","0.99"
"Magnolia Forrester","28 MySQL Boulevard","2","0.99"
"Maiden Home","28 MySQL Boulevard","3","4.99"
"Majestic Floats","28 MySQL Boulevard","4","0.99"
"Maker Gables","28 MySQL Boulevard","3","0.99"
"Malkovich Pet","28 MySQL Boulevard","3","2.99"
"Mallrats United","28 MySQL Boulevard","4","0.99"
"Maltese Hope","28 MySQL Boulevard","4","4.99"
"Manchurian Curtain","28 MySQL Boulevard","3","2.99"
"Mannequin Worst","28 MySQL Boulevard","2","2.99"
"Married Go","28 MySQL Boulevard","4","2.99"
"Mars Roman","28 MySQL Boulevard","2","0.99"
"Masked Bubble","28 MySQL Boulevard","2","0.99"
"Massacre Usual","28 MySQL Boulevard","3","4.99"
"Massage Image","28 MySQL Boulevard","3","2.99"
"Meet Chocolate","28 MySQL Boulevard","2","2.99"
"Memento Zoolander","28 MySQL Boulevard","2","4.99"
"Mermaid Insects","28 MySQL Boulevard","3","4.99"
"Metal Armageddon","28 MySQL Boulevard","4","2.99"
"Metropolis Coma","28 MySQL Boulevard","4","2.99"
"Midnight Westward","28 MySQL Boulevard","3","0.99"
"Midsummer Groundhog","28 MySQL Boulevard","4","4.99"
"Mighty Luck","28 MySQL Boulevard","3","2.99"
"Million Ace","28 MySQL Boulevard","3","4.99"
"Minds Truman","28 MySQL Boulevard","3","4.99"
"Mine Titans","28 MySQL Boulevard","2","4.99"
"Miracle Virtual","28 MySQL Boulevard","2","2.99"
"Mission Zoolander","28 MySQL Boulevard","2","4.99"
"Mob Duffel","28 MySQL Boulevard","4","0.99"
"Mockingbird Hollywood","28 MySQL Boulevard","4","0.99"
"Model Fish","28 MySQL Boulevard","4","4.99"
"Modern Dorado","28 MySQL Boulevard","4","0.99"
"Money Harold","28 MySQL Boulevard","4","2.99"
"Monsoon Cause","28 MySQL Boulevard","3","4.99"
"Monster Spartacus","28 MySQL Boulevard","2","2.99"
"Monterey Labyrinth","28 MySQL Boulevard","4","0.99"
"Moon Bunch","28 MySQL Boulevard","4","0.99"
"Moonshine Cabin","28 MySQL Boulevard","4","4.99"
"Moonwalker Fool","28 MySQL Boulevard","4","4.99"
"Mother Oleander","28 MySQL Boulevard","2","0.99"
"Motions Details","28 MySQL Boulevard","2","0.99"
"Moulin Wake","28 MySQL Boulevard","2","0.99"
"Mourning Purple","28 MySQL Boulevard","3","0.99"
"Movie Shakespeare","28 MySQL Boulevard","2","4.99"
"Mulan Moon","28 MySQL Boulevard","3","0.99"
"Mulholland Beast","28 MySQL Boulevard","2","2.99"
"Mummy Creatures","28 MySQL Boulevard","4","0.99"
"Murder Antitrust","28 MySQL Boulevard","4","2.99"
"Muscle Bright","28 MySQL Boulevard","4","2.99"
"Music Boondock","28 MySQL Boulevard","3","0.99"
"Musketeers Wait","28 MySQL Boulevard","2","4.99"
"Mussolini Spoilers","28 MySQL Boulevard","2","2.99"
"Name Detective","28 MySQL Boulevard","3","4.99"
"Nash Chocolat","28 MySQL Boulevard","4","2.99"
"National Story","28 MySQL Boulevard","4","2.99"
"Necklace Outbreak","28 MySQL Boulevard","4","0.99"
"Neighbors Charade","28 MySQL Boulevard","4","0.99"
"Nemo Campus","28 MySQL Boulevard","3","2.99"
"Network Peak","28 MySQL Boulevard","4","2.99"
"Newsies Story","28 MySQL Boulevard","2","0.99"
"Newton Labyrinth","28 MySQL Boulevard","3","0.99"
"Nightmare Chill","28 MySQL Boulevard","4","4.99"
"None Spiking","28 MySQL Boulevard","4","0.99"
"Noon Papi","28 MySQL Boulevard","4","2.99"
"North Tequila","28 MySQL Boulevard","3","4.99"
"Northwest Polish","28 MySQL Boulevard","2","2.99"
"Notorious Reunion","28 MySQL Boulevard","4","0.99"
"Notting Speakeasy","28 MySQL Boulevard","3","0.99"
"Novocaine Flight","28 MySQL Boulevard","2","0.99"
"October Submarine","28 MySQL Boulevard","3","4.99"
"Odds Boogie","28 MySQL Boulevard","4","0.99"
"Oklahoma Jumanji","28 MySQL Boulevard","2","0.99"
"Open African","28 MySQL Boulevard","3","4.99"
"Operation Operation","28 MySQL Boulevard","4","2.99"
"Opposite Necklace","28 MySQL Boulevard","3","4.99"
"Opus Ice","28 MySQL Boulevard","3","4.99"
"Orange Grapes","28 MySQL Boulevard","4","0.99"
"Orient Closer","28 MySQL Boulevard","3","2.99"
"Oscar Gold","28 MySQL Boulevard","4","2.99"
"Others Soup","28 MySQL Boulevard","3","2.99"
"Outbreak Divine","28 MySQL Boulevard","2","0.99"
"Outfield Massacre","28 MySQL Boulevard","3","0.99"
"Outlaw Hanky","28 MySQL Boulevard","2","4.99"
"Oz Liaisons","28 MySQL Boulevard","4","2.99"
"Pacific Amistad","28 MySQL Boulevard","4","0.99"
"Packer Madigan","28 MySQL Boulevard","4","0.99"
"Panky Submarine","28 MySQL Boulevard","2","4.99"
"Panther Reds","28 MySQL Boulevard","3","4.99"
"Papi Necklace","28 MySQL Boulevard","2","0.99"
"Paradise Sabrina","28 MySQL Boulevard","2","2.99"
"Paris Weekend","28 MySQL Boulevard","4","2.99"
"Park Citizen","28 MySQL Boulevard","2","4.99"
"Party Knock","28 MySQL Boulevard","2","2.99"
"Paths Control","28 MySQL Boulevard","2","4.99"
"Patient Sister","28 MySQL Boulevard","2","0.99"
"Patriot Roman","28 MySQL Boulevard","3","2.99"
"Patton Interview","28 MySQL Boulevard","3","2.99"
"Paycheck Wait","28 MySQL Boulevard","2","4.99"
"Peach Innocent","28 MySQL Boulevard","2","2.99"
"Peak Forever","28 MySQL Boulevard","3","4.99"
"Pelican Comforts","28 MySQL Boulevard","3","4.99"
"Perfect Groove","28 MySQL Boulevard","4","2.99"
"Personal Ladybugs","28 MySQL Boulevard","2","0.99"
"Philadelphia Wife","28 MySQL Boulevard","4","4.99"
"Pianist Outfield","28 MySQL Boulevard","4","0.99"
"Pilot Hoosiers","28 MySQL Boulevard","2","2.99"
"Pinocchio Simon","28 MySQL Boulevard","4","4.99"
"Pirates Roxanne","28 MySQL Boulevard","3","0.99"
"Pity Bound","28 MySQL Boulevard","4","4.99"
"Pizza Jumanji","28 MySQL Boulevard","2","2.99"
"Platoon Instinct","28 MySQL Boulevard","2","4.99"
"Pocus Pulp","28 MySQL Boulevard","4","0.99"
"Polish Brooklyn","28 MySQL Boulevard","4","0.99"
"Pollock Deliverance","28 MySQL Boulevard","2","2.99"
"Pond Seattle","28 MySQL Boulevard","2","2.99"
"Poseidon Forever","28 MySQL Boulevard","2","4.99"
"Potluck Mixed","28 MySQL Boulevard","3","2.99"
"Potter Connecticut","28 MySQL Boulevard","3","2.99"
"Prejudice Oleander","28 MySQL Boulevard","2","4.99"
"Pride Alamo","28 MySQL Boulevard","3","0.99"
"Primary Glass","28 MySQL Boulevard","4","0.99"
"Princess Giant","28 MySQL Boulevard","3","2.99"
"Prix Undefeated","28 MySQL Boulevard","3","2.99"
"Pulp Beverly","28 MySQL Boulevard","4","2.99"
"Punk Divorce","28 MySQL Boulevard","2","4.99"
"Pure Runner","28 MySQL Boulevard","3","2.99"
"Queen Luke","28 MySQL Boulevard","4","4.99"
"Quest Mussolini","28 MySQL Boulevard","4","2.99"
"Quills Bull","28 MySQL Boulevard","2","4.99"
"Racer Egg","28 MySQL Boulevard","4","2.99"
"Rage Games","28 MySQL Boulevard","2","4.99"
"Raging Airplane","28 MySQL Boulevard","4","4.99"
"Random Go","28 MySQL Boulevard","3","2.99"
"Range Moonwalker","28 MySQL Boulevard","3","4.99"
"Reap Unfaithful","28 MySQL Boulevard","3","2.99"
"Rear Trading","28 MySQL Boulevard","2","0.99"
"Rebel Airport","28 MySQL Boulevard","2","0.99"
"Redemption Comforts","28 MySQL Boulevard","4","2.99"
"Reef Salute","28 MySQL Boulevard","2","0.99"
"Reign Gentlemen","28 MySQL Boulevard","3","2.99"
"Remember Diary","28 MySQL Boulevard","4","2.99"
"Requiem Tycoon","28 MySQL Boulevard","3","4.99"
"Reservoir Adaptation","28 MySQL Boulevard","3","2.99"
"Resurrection Silverado","28 MySQL Boulevard","3","0.99"
"Reunion Witches","28 MySQL Boulevard","2","0.99"
"Rider Caddyshack","28 MySQL Boulevard","4","2.99"
"Ridgemont Submarine","28 MySQL Boulevard","4","0.99"
"Right Cranes","28 MySQL Boulevard","3","4.99"
"River Outlaw","28 MySQL Boulevard","3","0.99"
"Road Roxanne","28 MySQL Boulevard","4","4.99"
"Robbers Joon","28 MySQL Boulevard","4","2.99"
"Rock Instinct","28 MySQL Boulevard","4","0.99"
"Rocketeer Mother","28 MySQL Boulevard","4","0.99"
"Rocky War","28 MySQL Boulevard","3","4.99"
"Rollercoaster Bringing","28 MySQL Boulevard","3","2.99"
"Roman Punk","28 MySQL Boulevard","2","0.99"
"Room Roman","28 MySQL Boulevard","4","0.99"
"Roots Remember","28 MySQL Boulevard","3","0.99"
"Roses Treasure","28 MySQL Boulevard","4","4.99"
"Rouge Squad","28 MySQL Boulevard","3","0.99"
"Roxanne Rebel","28 MySQL Boulevard","3","0.99"
"Rugrats Shakespeare","28 MySQL Boulevard","4","0.99"
"Rules Human","28 MySQL Boulevard","2","4.99"
"Runaway Tenenbaums","28 MySQL Boulevard","2","0.99"
"Runner Madigan","28 MySQL Boulevard","3","0.99"
"Rush Goodfellas","28 MySQL Boulevard","4","0.99"
"Rushmore Mermaid","28 MySQL Boulevard","2","2.99"
"Sabrina Midnight","28 MySQL Boulevard","3","4.99"
"Saddle Antitrust","28 MySQL Boulevard","3","2.99"
"Sagebrush Clueless","28 MySQL Boulevard","2","2.99"
"Saints Bride","28 MySQL Boulevard","3","2.99"
"Salute Apollo","28 MySQL Boulevard","4","2.99"
"Samurai Lion","28 MySQL Boulevard","4","2.99"
"Santa Paris","28 MySQL Boulevard","3","2.99"
"Sassy Packer","28 MySQL Boulevard","4","0.99"
"Satisfaction Confidential","28 MySQL Boulevard","2","4.99"
"Saturday Lambs","28 MySQL Boulevard","4","4.99"
"Scalawag Duck","28 MySQL Boulevard","4","4.99"
"Scarface Bang","28 MySQL Boulevard","3","4.99"
"School Jacket","28 MySQL Boulevard","2","4.99"
"Scissorhands Slums","28 MySQL Boulevard","3","2.99"
"Scorpion Apollo","28 MySQL Boulevard","4","4.99"
"Sea Virgin","28 MySQL Boulevard","2","2.99"
"Seabiscuit Punk","28 MySQL Boulevard","4","2.99"
"Seattle Expecations","28 MySQL Boulevard","2","4.99"
"Secret Groundhog","28 MySQL Boulevard","3","4.99"
"Secretary Rouge","28 MySQL Boulevard","3","4.99"
"Secrets Paradise","28 MySQL Boulevard","2","4.99"
"Sense Greek","28 MySQL Boulevard","2","4.99"
"Sensibility Rear","28 MySQL Boulevard","3","4.99"
"Seven Swarm","28 MySQL Boulevard","2","4.99"
"Shakespeare Saddle","28 MySQL Boulevard","3","2.99"
"Shanghai Tycoon","28 MySQL Boulevard","3","2.99"
"Shawshank Bubble","28 MySQL Boulevard","2","4.99"
"Shepherd Midsummer","28 MySQL Boulevard","4","0.99"
"Ship Wonderland","28 MySQL Boulevard","2","2.99"
"Shock Cabin","28 MySQL Boulevard","4","2.99"
"Shootist Superfly","28 MySQL Boulevard","3","0.99"
"Show Lord","28 MySQL Boulevard","4","4.99"
"Shrek License","28 MySQL Boulevard","3","2.99"
"Side Ark","28 MySQL Boulevard","2","0.99"
"Sierra Divide","28 MySQL Boulevard","3","0.99"
"Silence Kane","28 MySQL Boulevard","3","0.99"
"Silverado Goldfinger","28 MySQL Boulevard","2","4.99"
"Sinners Atlantis","28 MySQL Boulevard","4","2.99"
"Slacker Liaisons","28 MySQL Boulevard","2","4.99"
"Sleeping Suspects","28 MySQL Boulevard","3","4.99"
"Sleepless Monsoon","28 MySQL Boulevard","3","4.99"
"Sleepy Japanese","28 MySQL Boulevard","2","2.99"
"Sleuth Orient","28 MySQL Boulevard","2","0.99"
"Sling Luke","28 MySQL Boulevard","2","0.99"
"Slipper Fidelity","28 MySQL Boulevard","4","0.99"
"Slums Duck","28 MySQL Boulevard","3","0.99"
"Smoking Barbarella","28 MySQL Boulevard","3","0.99"
"Smoochy Control","28 MySQL Boulevard","4","0.99"
"Snatch Slipper","28 MySQL Boulevard","4","4.99"
"Snowman Rollercoaster","28 MySQL Boulevard","3","0.99"
"Something Duck","28 MySQL Boulevard","2","4.99"
"Sons Interview","28 MySQL Boulevard","2","2.99"
"Sorority Queen","28 MySQL Boulevard","4","0.99"
"Soup Wisdom","28 MySQL Boulevard","2","0.99"
"South Wait","28 MySQL Boulevard","4","2.99"
"Spartacus Cheaper","28 MySQL Boulevard","4","4.99"
"Speed Suit","28 MySQL Boulevard","2","4.99"
"Spice Sorority","28 MySQL Boulevard","4","4.99"
"Spiking Element","28 MySQL Boulevard","4","2.99"
"Spinal Rocky","28 MySQL Boulevard","3","2.99"
"Spirit Flintstones","28 MySQL Boulevard","4","0.99"
"Splendor Patton","28 MySQL Boulevard","4","0.99"
"Spoilers Hellfighters","28 MySQL Boulevard","3","0.99"
"Spy Mile","28 MySQL Boulevard","4","2.99"
"Stage World","28 MySQL Boulevard","3","2.99"
"Stagecoach Armageddon","28 MySQL Boulevard","4","4.99"
"Stallion Sundance","28 MySQL Boulevard","2","0.99"
"Star Operation","28 MySQL Boulevard","4","2.99"
"State Wasteland","28 MySQL Boulevard","2","2.99"
"Steel Santa","28 MySQL Boulevard","3","4.99"
"Steers Armageddon","28 MySQL Boulevard","2","4.99"
"Stepmom Dream","28 MySQL Boulevard","3","4.99"
"Sting Personal","28 MySQL Boulevard","4","4.99"
"Stock Glass","28 MySQL Boulevard","4","2.99"
"Storm Happiness","28 MySQL Boulevard","4","0.99"
"Story Side","28 MySQL Boulevard","4","0.99"
"Straight Hours","28 MySQL Boulevard","3","0.99"
"Strangelove Desire","28 MySQL Boulevard","3","0.99"
"Strangers Graffiti","28 MySQL Boulevard","4","4.99"
"Streak Ridgemont","28 MySQL Boulevard","2","0.99"
"Streetcar Intentions","28 MySQL Boulevard","4","4.99"
"Strictly Scarface","28 MySQL Boulevard","4","2.99"
"Submarine Bed","28 MySQL Boulevard","4","4.99"
"Sugar Wonka","28 MySQL Boulevard","3","4.99"
"Suit Walls","28 MySQL Boulevard","3","4.99"
"Summer Scarface","28 MySQL Boulevard","2","0.99"
"Sun Confessions","28 MySQL Boulevard","3","0.99"
"Sundance Invasion","28 MySQL Boulevard","2","0.99"
"Sunrise League","28 MySQL Boulevard","2","4.99"
"Sunset Racer","28 MySQL Boulevard","2","0.99"
"Suspects Quills","28 MySQL Boulevard","3","2.99"
"Swarm Gold","28 MySQL Boulevard","4","0.99"
"Sweden Shining","28 MySQL Boulevard","3","4.99"
"Sweet Brotherhood","28 MySQL Boulevard","3","2.99"
"Sweethearts Suspects","28 MySQL Boulevard","4","0.99"
"Talented Homicide","28 MySQL Boulevard","4","0.99"
"Taxi Kick","28 MySQL Boulevard","2","0.99"
"Teen Apollo","28 MySQL Boulevard","4","4.99"
"Telegraph Voyage","28 MySQL Boulevard","3","4.99"
"Telemark Heartbreakers","28 MySQL Boulevard","4","2.99"
"Temple Attraction","28 MySQL Boulevard","4","4.99"
"Tequila Past","28 MySQL Boulevard","2","4.99"
"Terminator Club","28 MySQL Boulevard","3","4.99"
"Thief Pelican","28 MySQL Boulevard","2","4.99"
"Tights Dawn","28 MySQL Boulevard","4","0.99"
"Timberland Sky","28 MySQL Boulevard","4","0.99"
"Titanic Boondock","28 MySQL Boulevard","4","4.99"
"Titans Jerk","28 MySQL Boulevard","4","4.99"
"Tomatoes Hellfighters","28 MySQL Boulevard","2","0.99"
"Tomorrow Hustler","28 MySQL Boulevard","3","2.99"
"Tootsie Pilot","28 MySQL Boulevard","2","0.99"
"Torque Bound","28 MySQL Boulevard","4","4.99"
"Tourist Pelican","28 MySQL Boulevard","2","4.99"
"Town Ark","28 MySQL Boulevard","2","2.99"
"Tracy Cider","28 MySQL Boulevard","3","0.99"
"Trading Pinocchio","28 MySQL Boulevard","3","4.99"
"Traffic Hobbit","28 MySQL Boulevard","2","4.99"
"Tramp Others","28 MySQL Boulevard","3","0.99"
"Trap Guys","28 MySQL Boulevard","2","4.99"
"Treatment Jekyll","28 MySQL Boulevard","2","0.99"
"Trip Newton","28 MySQL Boulevard","4","4.99"
"Trojan Tomorrow","28 MySQL Boulevard","3","2.99"
"Troopers Metal","28 MySQL Boulevard","2","0.99"
"Trouble Date","28 MySQL Boulevard","4","2.99"
"Truman Crazy","28 MySQL Boulevard","2","4.99"
"Turn Star","28 MySQL Boulevard","2","2.99"
"Tuxedo Mile","28 MySQL Boulevard","2","2.99"
"Twisted Pirates","28 MySQL Boulevard","4","4.99"
"Unbreakable Karate","28 MySQL Boulevard","2","0.99"
"Uncut Suicides","28 MySQL Boulevard","2","2.99"
"Undefeated Dalmations","28 MySQL Boulevard","4","4.99"
"Unfaithful Kill","28 MySQL Boulevard","3","2.99"
"Unforgiven Zoolander","28 MySQL Boulevard","3","0.99"
"United Pilot","28 MySQL Boulevard","2","0.99"
"Untouchables Sunrise","28 MySQL Boulevard","2","2.99"
"Vacation Boondock","28 MySQL Boulevard","3","2.99"
"Valentine Vanishing","28 MySQL Boulevard","3","0.99"
"Valley Packer","28 MySQL Boulevard","2","0.99"
"Vanilla Day","28 MySQL Boulevard","3","4.99"
"Vanished Garden","28 MySQL Boulevard","2","0.99"
"Vanishing Rocky","28 MySQL Boulevard","4","2.99"
"Varsity Trip","28 MySQL Boulevard","3","2.99"
"Velvet Terminator","28 MySQL Boulevard","2","4.99"
"Vertigo Northwest","28 MySQL Boulevard","4","2.99"
"Videotape Arsenic","28 MySQL Boulevard","3","4.99"
"Vietnam Smoochy","28 MySQL Boulevard","2","0.99"
"Virgin Daisy","28 MySQL Boulevard","3","4.99"
"Virginian Pluto","28 MySQL Boulevard","4","0.99"
"Virtual Spoilers","28 MySQL Boulevard","4","4.99"
"Voice Peach","28 MySQL Boulevard","4","0.99"
"Volcano Texas","28 MySQL Boulevard","2","0.99"
"Voyage Legally","28 MySQL Boulevard","4","0.99"
"Wait Cider","28 MySQL Boulevard","2","0.99"
"War Notting","28 MySQL Boulevard","2","4.99"
"Wardrobe Phantom","28 MySQL Boulevard","3","2.99"
"Wars Pluto","28 MySQL Boulevard","3","2.99"
"Wash Heavenly","28 MySQL Boulevard","2","4.99"
"Watch Tracy","28 MySQL Boulevard","3","0.99"
"Waterfront Deliverance","28 MySQL Boulevard","2","4.99"
"Wedding Apollo","28 MySQL Boulevard","4","0.99"
"Weekend Personal","28 MySQL Boulevard","2","2.99"
"Westward Seabiscuit","28 MySQL Boulevard","4","0.99"
"Whisperer Giant","28 MySQL Boulevard","3","4.99"
"Wife Turn","28 MySQL Boulevard","4","4.99"
"Willow Tracy","28 MySQL Boulevard","3","2.99"
"Wind Phantom","28 MySQL Boulevard","4","0.99"
"Window Side","28 MySQL Boulevard","3","2.99"
"Witches Panic","28 MySQL Boulevard","3","4.99"
"Wizard Coldblooded","28 MySQL Boulevard","2","4.99"
"Wolves Desire","28 MySQL Boulevard","3","0.99"
"Women Dorado","28 MySQL Boulevard","4","0.99"
"Wonderland Christmas","28 MySQL Boulevard","3","4.99"
"Wonka Sea","28 MySQL Boulevard","2","2.99"
"Words Hunter","28 MySQL Boulevard","2","2.99"
"Worker Tarzan","28 MySQL Boulevard","2","2.99"
"Working Microcosmos","28 MySQL Boulevard","2","4.99"
"World Leathernecks","28 MySQL Boulevard","2","0.99"
"Worst Banger","28 MySQL Boulevard","3","2.99"
"Wrath Mile","28 MySQL Boulevard","4","0.99"
"Wrong Behavior","28 MySQL Boulevard","3","2.99"
"Yentl Idaho","28 MySQL Boulevard","2","4.99"
"Zhivago Core","28 MySQL Boulevard","2","0.99"
"Zoolander Fiction","28 MySQL Boulevard","3","2.99"
"Zorro Ark","28 MySQL Boulevard","4","4.99"
"Academy Dinosaur","47 MySakila Drive","4","0.99"
"Affair Prejudice","47 MySakila Drive","4","2.99"
"Agent Truman","47 MySakila Drive","3","2.99"
"Airplane Sierra","47 MySakila Drive","2","4.99"
"Alabama Devil","47 MySakila Drive","3","2.99"
"Aladdin Calendar","47 MySakila Drive","4","4.99"
"Alamo Videotape","47 MySakila Drive","4","0.99"
"Alaska Phantom","47 MySakila Drive","3","0.99"
"Alien Center","47 MySakila Drive","2","2.99"
"Alley Evolution","47 MySakila Drive","2","2.99"
"Alone Trip","47 MySakila Drive","3","0.99"
"Alter Victory","47 MySakila Drive","3","0.99"
"Amadeus Holy","47 MySakila Drive","4","0.99"
"Amelie Hellfighters","47 MySakila Drive","3","4.99"
"American Circus","47 MySakila Drive","2","4.99"
"Amistad Midsummer","47 MySakila Drive","4","2.99"
"Anaconda Confessions","47 MySakila Drive","3","0.99"
"Analyze Hoosiers","47 MySakila Drive","4","2.99"
"Angels Life","47 MySakila Drive","4","2.99"
"Annie Identity","47 MySakila Drive","2","0.99"
"Anonymous Human","47 MySakila Drive","4","0.99"
"Anthem Luke","47 MySakila Drive","3","4.99"
"Antitrust Tomatoes","47 MySakila Drive","2","2.99"
"Anything Savannah","47 MySakila Drive","2","2.99"
"Apache Divine","47 MySakila Drive","4","4.99"
"Arachnophobia Rollercoaster","47 MySakila Drive","4","2.99"
"Arizona Bang","47 MySakila Drive","4","2.99"
"Armageddon Lost","47 MySakila Drive","3","0.99"
"Atlantis Cause","47 MySakila Drive","3","2.99"
"Attacks Hate","47 MySakila Drive","2","4.99"
"Attraction Newton","47 MySakila Drive","4","4.99"
"Backlash Undefeated","47 MySakila Drive","2","4.99"
"Badman Dawn","47 MySakila Drive","3","2.99"
"Baked Cleopatra","47 MySakila Drive","3","2.99"
"Balloon Homeward","47 MySakila Drive","2","2.99"
"Bang Kwai","47 MySakila Drive","2","2.99"
"Banger Pinocchio","47 MySakila Drive","3","0.99"
"Barbarella Streetcar","47 MySakila Drive","4","2.99"
"Barefoot Manchurian","47 MySakila Drive","3","2.99"
"Basic Easy","47 MySakila Drive","4","2.99"
"Bear Graceland","47 MySakila Drive","3","2.99"
"Beast Hunchback","47 MySakila Drive","3","4.99"
"Beauty Grease","47 MySakila Drive","4","4.99"
"Bedazzled Married","47 MySakila Drive","2","0.99"
"Beneath Rush","47 MySakila Drive","3","0.99"
"Berets Agent","47 MySakila Drive","2","2.99"
"Betrayed Rear","47 MySakila Drive","2","4.99"
"Beverly Outlaw","47 MySakila Drive","4","2.99"
"Bikini Borrowers","47 MySakila Drive","2","4.99"
"Bill Others","47 MySakila Drive","4","2.99"
"Bingo Talented","47 MySakila Drive","4","2.99"
"Birch Antitrust","47 MySakila Drive","3","4.99"
"Birdcage Casper","47 MySakila Drive","3","0.99"
"Birds Perdition","47 MySakila Drive","4","4.99"
"Blackout Private","47 MySakila Drive","3","2.99"
"Blade Polish","47 MySakila Drive","3","0.99"
"Blanket Beverly","47 MySakila Drive","4","2.99"
"Blindness Gun","47 MySakila Drive","4","4.99"
"Blood Argonauts","47 MySakila Drive","2","0.99"
"Blues Instinct","47 MySakila Drive","3","2.99"
"Boiled Dares","47 MySakila Drive","4","4.99"
"Boogie Amelie","47 MySakila Drive","4","4.99"
"Borrowers Bedazzled","47 MySakila Drive","3","0.99"
"Boulevard Mob","47 MySakila Drive","3","0.99"
"Bound Cheaper","47 MySakila Drive","4","0.99"
"Bowfinger Gables","47 MySakila Drive","2","4.99"
"Braveheart Human","47 MySakila Drive","2","2.99"
"Breakfast Goldfinger","47 MySakila Drive","2","4.99"
"Breaking Home","47 MySakila Drive","3","2.99"
"Bride Intrigue","47 MySakila Drive","4","0.99"
"Bright Encounters","47 MySakila Drive","3","4.99"
"Bringing Hysterical","47 MySakila Drive","3","2.99"
"Brooklyn Desert","47 MySakila Drive","4","4.99"
"Brotherhood Blanket","47 MySakila Drive","4","0.99"
"Bucket Brotherhood","47 MySakila Drive","4","4.99"
"Bull Shawshank","47 MySakila Drive","2","0.99"
"Bulworth Commandments","47 MySakila Drive","2","2.99"
"Butterfly Chocolat","47 MySakila Drive","4","0.99"
"Cabin Flash","47 MySakila Drive","4","0.99"
"Calendar Gunfight","47 MySakila Drive","4","4.99"
"Camelot Vacation","47 MySakila Drive","4","0.99"
"Campus Remember","47 MySakila Drive","3","2.99"
"Candidate Perdition","47 MySakila Drive","2","2.99"
"Candles Grapes","47 MySakila Drive","4","4.99"
"Canyon Stock","47 MySakila Drive","4","0.99"
"Caper Motions","47 MySakila Drive","3","0.99"
"Caribbean Liberty","47 MySakila Drive","3","4.99"
"Carol Texas","47 MySakila Drive","3","2.99"
"Carrie Bunch","47 MySakila Drive","4","0.99"
"Casablanca Super","47 MySakila Drive","2","4.99"
"Cat Coneheads","47 MySakila Drive","4","4.99"
"Cause Date","47 MySakila Drive","3","2.99"
"Celebrity Horn","47 MySakila Drive","2","0.99"
"Center Dinosaur","47 MySakila Drive","4","4.99"
"Chainsaw Uptown","47 MySakila Drive","4","0.99"
"Chamber Italian","47 MySakila Drive","2","4.99"
"Chance Resurrection","47 MySakila Drive","3","2.99"
"Chaplin License","47 MySakila Drive","3","2.99"
"Chariots Conspiracy","47 MySakila Drive","2","2.99"
"Chasing Fight","47 MySakila Drive","4","4.99"
"Cheaper Clyde","47 MySakila Drive","2","0.99"
"Chicago North","47 MySakila Drive","3","4.99"
"Chicken Hellfighters","47 MySakila Drive","3","0.99"
"Chill Luck","47 MySakila Drive","4","0.99"
"Chitty Lock","47 MySakila Drive","3","2.99"
"Chocolat Harry","47 MySakila Drive","3","0.99"
"Christmas Moonshine","47 MySakila Drive","3","0.99"
"Cider Desire","47 MySakila Drive","2","2.99"
"Cincinatti Whisperer","47 MySakila Drive","2","4.99"
"Circus Youth","47 MySakila Drive","4","2.99"
"Citizen Shrek","47 MySakila Drive","4","0.99"
"Clash Freddy","47 MySakila Drive","3","2.99"
"Cleopatra Devil","47 MySakila Drive","2","0.99"
"Clones Pinocchio","47 MySakila Drive","2","2.99"
"Closer Bang","47 MySakila Drive","4","4.99"
"Club Graffiti","47 MySakila Drive","2","0.99"
"Clue Grail","47 MySakila Drive","2","4.99"
"Clueless Bucket","47 MySakila Drive","3","2.99"
"Coast Rainbow","47 MySakila Drive","2","0.99"
"Coldblooded Darling","47 MySakila Drive","3","4.99"
"Color Philadelphia","47 MySakila Drive","4","2.99"
"Coma Head","47 MySakila Drive","4","4.99"
"Comancheros Enemy","47 MySakila Drive","2","0.99"
"Comforts Rush","47 MySakila Drive","2","2.99"
"Command Darling","47 MySakila Drive","2","4.99"
"Coneheads Smoochy","47 MySakila Drive","4","4.99"
"Confessions Maguire","47 MySakila Drive","3","4.99"
"Confidential Interview","47 MySakila Drive","4","4.99"
"Confused Candles","47 MySakila Drive","2","2.99"
"Congeniality Quest","47 MySakila Drive","2","0.99"
"Connection Microcosmos","47 MySakila Drive","2","0.99"
"Conquerer Nuts","47 MySakila Drive","4","4.99"
"Contact Anonymous","47 MySakila Drive","3","2.99"
"Control Anthem","47 MySakila Drive","2","4.99"
"Conversation Downhill","47 MySakila Drive","3","4.99"
"Core Suit","47 MySakila Drive","2","2.99"
"Cowboy Doom","47 MySakila Drive","2","2.99"
"Craft Outfield","47 MySakila Drive","2","0.99"
"Crazy Home","47 MySakila Drive","3","2.99"
"Creatures Shakespeare","47 MySakila Drive","2","0.99"
"Crooked Frogmen","47 MySakila Drive","3","0.99"
"Crossroads Casualties","47 MySakila Drive","4","2.99"
"Crow Grease","47 MySakila Drive","2","0.99"
"Cruelty Unforgiven","47 MySakila Drive","2","0.99"
"Crusade Honey","47 MySakila Drive","2","2.99"
"Cupboard Sinners","47 MySakila Drive","4","2.99"
"Curtain Videotape","47 MySakila Drive","4","0.99"
"Cyclone Family","47 MySakila Drive","4","2.99"
"Daddy Pittsburgh","47 MySakila Drive","3","4.99"
"Dalmations Sweden","47 MySakila Drive","4","0.99"
"Dances None","47 MySakila Drive","4","0.99"
"Dancing Fever","47 MySakila Drive","4","0.99"
"Dangerous Uptown","47 MySakila Drive","4","4.99"
"Dares Pluto","47 MySakila Drive","3","2.99"
"Darkness War","47 MySakila Drive","4","2.99"
"Darling Breaking","47 MySakila Drive","2","4.99"
"Darn Forrester","47 MySakila Drive","3","4.99"
"Date Speed","47 MySakila Drive","4","0.99"
"Dawn Pond","47 MySakila Drive","3","4.99"
"Day Unfaithful","47 MySakila Drive","2","4.99"
"Deceiver Betrayed","47 MySakila Drive","4","0.99"
"Deep Crusade","47 MySakila Drive","4","4.99"
"Deer Virginian","47 MySakila Drive","4","2.99"
"Desert Poseidon","47 MySakila Drive","2","4.99"
"Desperate Trainspotting","47 MySakila Drive","2","4.99"
"Destination Jerk","47 MySakila Drive","3","0.99"
"Destiny Saturday","47 MySakila Drive","2","4.99"
"Details Packer","47 MySakila Drive","3","4.99"
"Detective Vision","47 MySakila Drive","3","0.99"
"Devil Desire","47 MySakila Drive","2","4.99"
"Diary Panic","47 MySakila Drive","2","2.99"
"Dinosaur Secretary","47 MySakila Drive","4","2.99"
"Dirty Ace","47 MySakila Drive","3","2.99"
"Disciple Mother","47 MySakila Drive","4","0.99"
"Disturbing Scarface","47 MySakila Drive","4","2.99"
"Divide Monster","47 MySakila Drive","2","2.99"
"Divorce Shining","47 MySakila Drive","2","2.99"
"Doctor Grail","47 MySakila Drive","2","2.99"
"Dogma Family","47 MySakila Drive","4","4.99"
"Donnie Alley","47 MySakila Drive","4","0.99"
"Doom Dancing","47 MySakila Drive","2","0.99"
"Doors President","47 MySakila Drive","2","4.99"
"Dorado Notting","47 MySakila Drive","4","4.99"
"Double Wrath","47 MySakila Drive","3","0.99"
"Downhill Enough","47 MySakila Drive","3","0.99"
"Dracula Crystal","47 MySakila Drive","2","0.99"
"Dragonfly Strangers","47 MySakila Drive","2","4.99"
"Dream Pickup","47 MySakila Drive","3","2.99"
"Drifter Commandments","47 MySakila Drive","4","4.99"
"Driver Annie","47 MySakila Drive","2","2.99"
"Driving Polish","47 MySakila Drive","4","4.99"
"Duck Racer","47 MySakila Drive","2","2.99"
"Duffel Apocalypse","47 MySakila Drive","2","0.99"
"Durham Panky","47 MySakila Drive","4","4.99"
"Dying Maker","47 MySakila Drive","4","4.99"
"Dynamite Tarzan","47 MySakila Drive","4","0.99"
"Eagles Panky","47 MySakila Drive","4","4.99"
"Earring Instinct","47 MySakila Drive","2","0.99"
"Earth Vision","47 MySakila Drive","3","0.99"
"Easy Gladiator","47 MySakila Drive","3","4.99"
"Edge Kissing","47 MySakila Drive","4","4.99"
"Effect Gladiator","47 MySakila Drive","4","0.99"
"Egg Igby","47 MySakila Drive","3","2.99"
"Egypt Tenenbaums","47 MySakila Drive","3","0.99"
"Element Freddy","47 MySakila Drive","4","4.99"
"Elephant Trojan","47 MySakila Drive","3","4.99"
"Elf Murder","47 MySakila Drive","2","4.99"
"Elizabeth Shane","47 MySakila Drive","2","4.99"
"Empire Malkovich","47 MySakila Drive","4","0.99"
"Encino Elf","47 MySakila Drive","2","0.99"
"Encounters Curtain","47 MySakila Drive","3","0.99"
"Ending Crowds","47 MySakila Drive","3","0.99"
"Enemy Odds","47 MySakila Drive","3","4.99"
"English Bulworth","47 MySakila Drive","3","0.99"
"Enough Raging","47 MySakila Drive","2","2.99"
"Entrapment Satisfaction","47 MySakila Drive","2","0.99"
"Escape Metropolis","47 MySakila Drive","2","2.99"
"Eve Resurrection","47 MySakila Drive","2","4.99"
"Everyone Craft","47 MySakila Drive","3","0.99"
"Evolution Alter","47 MySakila Drive","4","0.99"
"Excitement Eve","47 MySakila Drive","3","0.99"
"Exorcist Sting","47 MySakila Drive","2","2.99"
"Expecations Natural","47 MySakila Drive","2","4.99"
"Expendable Stallion","47 MySakila Drive","4","0.99"
"Express Lonely","47 MySakila Drive","4","2.99"
"Eyes Driving","47 MySakila Drive","2","2.99"
"Factory Dragon","47 MySakila Drive","4","0.99"
"Falcon Volume","47 MySakila Drive","2","4.99"
"Family Sweet","47 MySakila Drive","4","0.99"
"Fantasia Park","47 MySakila Drive","2","2.99"
"Fantasy Troopers","47 MySakila Drive","4","0.99"
"Fargo Gandhi","47 MySakila Drive","4","2.99"
"Fatal Haunted","47 MySakila Drive","4","2.99"
"Feathers Metal","47 MySakila Drive","3","0.99"
"Fellowship Autumn","47 MySakila Drive","3","4.99"
"Ferris Mother","47 MySakila Drive","2","2.99"
"Feud Frogmen","47 MySakila Drive","2","0.99"
"Fever Empire","47 MySakila Drive","2","4.99"
"Fiction Christmas","47 MySakila Drive","3","0.99"
"Fidelity Devil","47 MySakila Drive","4","4.99"
"Fight Jawbreaker","47 MySakila Drive","2","0.99"
"Fireball Philadelphia","47 MySakila Drive","4","0.99"
"Fish Opus","47 MySakila Drive","3","2.99"
"Flamingos Connecticut","47 MySakila Drive","3","4.99"
"Flash Wars","47 MySakila Drive","4","4.99"
"Flatliners Killer","47 MySakila Drive","4","2.99"
"Flintstones Happiness","47 MySakila Drive","3","4.99"
"Flying Hook","47 MySakila Drive","2","2.99"
"Fool Mockingbird","47 MySakila Drive","4","4.99"
"Forrest Sons","47 MySakila Drive","3","2.99"
"Forrester Comancheros","47 MySakila Drive","4","4.99"
"Forward Temple","47 MySakila Drive","4","2.99"
"Freaky Pocus","47 MySakila Drive","2","2.99"
"Freddy Storm","47 MySakila Drive","2","4.99"
"Freedom Cleopatra","47 MySakila Drive","2","0.99"
"French Holiday","47 MySakila Drive","3","4.99"
"Frida Slipper","47 MySakila Drive","2","2.99"
"Frontier Cabin","47 MySakila Drive","2","4.99"
"Frost Head","47 MySakila Drive","4","0.99"
"Fugitive Maguire","47 MySakila Drive","4","4.99"
"Full Flatliners","47 MySakila Drive","2","2.99"
"Fury Murder","47 MySakila Drive","3","0.99"
"Gables Metropolis","47 MySakila Drive","3","0.99"
"Galaxy Sweethearts","47 MySakila Drive","2","4.99"
"Games Bowfinger","47 MySakila Drive","4","4.99"
"Gangs Pride","47 MySakila Drive","4","2.99"
"Garden Island","47 MySakila Drive","4","4.99"
"Gaslight Crusade","47 MySakila Drive","3","2.99"
"Gentlemen Stage","47 MySakila Drive","2","2.99"
"Ghost Groundhog","47 MySakila Drive","3","4.99"
"Giant Troopers","47 MySakila Drive","4","2.99"
"Gilmore Boiled","47 MySakila Drive","4","0.99"
"Glass Dying","47 MySakila Drive","4","0.99"
"Gleaming Jawbreaker","47 MySakila Drive","4","2.99"
"Glory Tracy","47 MySakila Drive","2","2.99"
"Go Purple","47 MySakila Drive","3","0.99"
"Godfather Diary","47 MySakila Drive","3","2.99"
"Gold River","47 MySakila Drive","2","4.99"
"Goldfinger Sensibility","47 MySakila Drive","4","0.99"
"Goldmine Tycoon","47 MySakila Drive","4","0.99"
"Gone Trouble","47 MySakila Drive","2","2.99"
"Goodfellas Salute","47 MySakila Drive","4","4.99"
"Gorgeous Bingo","47 MySakila Drive","3","2.99"
"Gosford Donnie","47 MySakila Drive","3","4.99"
"Graceland Dynamite","47 MySakila Drive","2","4.99"
"Graduate Lord","47 MySakila Drive","3","2.99"
"Graffiti Love","47 MySakila Drive","3","0.99"
"Grail Frankenstein","47 MySakila Drive","2","2.99"
"Grapes Fury","47 MySakila Drive","4","0.99"
"Grease Youth","47 MySakila Drive","3","0.99"
"Greatest North","47 MySakila Drive","4","2.99"
"Greek Everyone","47 MySakila Drive","2","2.99"
"Grinch Massage","47 MySakila Drive","2","4.99"
"Grit Clockwork","47 MySakila Drive","4","0.99"
"Groove Fiction","47 MySakila Drive","3","0.99"
"Groundhog Uncut","47 MySakila Drive","2","4.99"
"Gun Bonnie","47 MySakila Drive","3","0.99"
"Gunfight Moon","47 MySakila Drive","3","0.99"
"Gunfighter Mussolini","47 MySakila Drive","2","2.99"
"Guys Falcon","47 MySakila Drive","3","4.99"
"Half Outfield","47 MySakila Drive","4","2.99"
"Hall Cassidy","47 MySakila Drive","4","4.99"
"Halloween Nuts","47 MySakila Drive","2","2.99"
"Hamlet Wisdom","47 MySakila Drive","4","2.99"
"Handicap Boondock","47 MySakila Drive","3","0.99"
"Hanky October","47 MySakila Drive","3","2.99"
"Hardly Robbers","47 MySakila Drive","2","2.99"
"Harold French","47 MySakila Drive","2","0.99"
"Harper Dying","47 MySakila Drive","3","0.99"
"Harry Idaho","47 MySakila Drive","4","4.99"
"Haunting Pianist","47 MySakila Drive","2","0.99"
"Hawk Chill","47 MySakila Drive","2","0.99"
"Head Stranger","47 MySakila Drive","4","4.99"
"Heartbreakers Bright","47 MySakila Drive","4","4.99"
"Heaven Freedom","47 MySakila Drive","3","2.99"
"Heavenly Gun","47 MySakila Drive","2","4.99"
"Heavyweights Beast","47 MySakila Drive","4","4.99"
"Hedwig Alter","47 MySakila Drive","3","2.99"
"Hellfighters Sierra","47 MySakila Drive","3","2.99"
"High Encino","47 MySakila Drive","3","2.99"
"Highball Potter","47 MySakila Drive","2","0.99"
"Hills Neighbors","47 MySakila Drive","4","0.99"
"Hobbit Alien","47 MySakila Drive","4","0.99"
"Holes Brannigan","47 MySakila Drive","2","4.99"
"Hollywood Anonymous","47 MySakila Drive","2","0.99"
"Holocaust Highball","47 MySakila Drive","3","0.99"
"Homeward Cider","47 MySakila Drive","4","0.99"
"Homicide Peach","47 MySakila Drive","4","2.99"
"Honey Ties","47 MySakila Drive","2","0.99"
"Hope Tootsie","47 MySakila Drive","3","2.99"
"Horn Working","47 MySakila Drive","4","2.99"
"Horror Reign","47 MySakila Drive","4","0.99"
"Hotel Happiness","47 MySakila Drive","2","4.99"
"Hours Rage","47 MySakila Drive","3","0.99"
"House Dynamite","47 MySakila Drive","2","2.99"
"Human Graffiti","47 MySakila Drive","2","2.99"
"Hunchback Impossible","47 MySakila Drive","4","4.99"
"Hunger Roof","47 MySakila Drive","2","0.99"
"Hunter Alter","47 MySakila Drive","2","2.99"
"Hunting Musketeers","47 MySakila Drive","3","2.99"
"Hurricane Affair","47 MySakila Drive","3","2.99"
"Hustler Party","47 MySakila Drive","4","4.99"
"Hyde Doctor","47 MySakila Drive","3","2.99"
"Hysterical Grail","47 MySakila Drive","2","4.99"
"Ice Crossing","47 MySakila Drive","4","2.99"
"Idaho Love","47 MySakila Drive","2","2.99"
"Idols Snatchers","47 MySakila Drive","3","2.99"
"Igby Maker","47 MySakila Drive","2","4.99"
"Image Princess","47 MySakila Drive","3","2.99"
"Impact Aladdin","47 MySakila Drive","2","0.99"
"Impossible Prejudice","47 MySakila Drive","4","4.99"
"Inch Jet","47 MySakila Drive","2","4.99"
"Independence Hotel","47 MySakila Drive","2","0.99"
"Indian Love","47 MySakila Drive","2","0.99"
"Innocent Usual","47 MySakila Drive","4","4.99"
"Insects Stone","47 MySakila Drive","2","0.99"
"Insider Arizona","47 MySakila Drive","2","2.99"
"Instinct Airport","47 MySakila Drive","3","2.99"
"Intentions Empire","47 MySakila Drive","4","2.99"
"Interview Liaisons","47 MySakila Drive","2","4.99"
"Intolerable Intentions","47 MySakila Drive","2","4.99"
"Intrigue Worst","47 MySakila Drive","4","0.99"
"Invasion Cyclone","47 MySakila Drive","4","2.99"
"Ishtar Rocketeer","47 MySakila Drive","2","4.99"
"Island Exorcist","47 MySakila Drive","3","2.99"
"Jacket Frisco","47 MySakila Drive","2","2.99"
"Jason Trap","47 MySakila Drive","3","2.99"
"Jaws Harry","47 MySakila Drive","2","2.99"
"Jedi Beneath","47 MySakila Drive","2","0.99"
"Jeepers Wedding","47 MySakila Drive","2","2.99"
"Jekyll Frogmen","47 MySakila Drive","3","2.99"
"Jeopardy Encino","47 MySakila Drive","3","0.99"
"Jericho Mulan","47 MySakila Drive","3","2.99"
"Jerk Paycheck","47 MySakila Drive","4","2.99"
"Jet Neighbors","47 MySakila Drive","4","4.99"
"Joon Northwest","47 MySakila Drive","2","0.99"
"Juggler Hardly","47 MySakila Drive","4","0.99"
"Jumanji Blade","47 MySakila Drive","2","2.99"
"Jumping Wrath","47 MySakila Drive","2","0.99"
"Jungle Closer","47 MySakila Drive","2","0.99"
"Karate Moon","47 MySakila Drive","4","0.99"
"Kick Savannah","47 MySakila Drive","2","0.99"
"Killer Innocent","47 MySakila Drive","2","2.99"
"King Evolution","47 MySakila Drive","2","4.99"
"Kiss Glory","47 MySakila Drive","4","4.99"
"Kissing Dolls","47 MySakila Drive","3","4.99"
"Knock Warlock","47 MySakila Drive","4","2.99"
"Kramer Chocolate","47 MySakila Drive","3","2.99"
"Kwai Homeward","47 MySakila Drive","4","0.99"
"Lady Stage","47 MySakila Drive","4","4.99"
"Lawless Vision","47 MySakila Drive","4","4.99"
"Lawrence Love","47 MySakila Drive","2","0.99"
"League Hellfighters","47 MySakila Drive","2","4.99"
"Lebowski Soldiers","47 MySakila Drive","2","2.99"
"Liaisons Sweet","47 MySakila Drive","2","4.99"
"License Weekend","47 MySakila Drive","2","2.99"
"Lies Treatment","47 MySakila Drive","4","4.99"
"Lights Deer","47 MySakila Drive","2","0.99"
"Lion Uncut","47 MySakila Drive","2","0.99"
"Loathing Legally","47 MySakila Drive","4","0.99"
"Lola Agent","47 MySakila Drive","2","4.99"
"Lolita World","47 MySakila Drive","3","2.99"
"Lonely Elephant","47 MySakila Drive","4","2.99"
"Lord Arizona","47 MySakila Drive","3","2.99"
"Lose Inch","47 MySakila Drive","4","0.99"
"Lost Bird","47 MySakila Drive","3","2.99"
"Louisiana Harry","47 MySakila Drive","2","0.99"
"Love Suicides","47 MySakila Drive","4","0.99"
"Lovely Jingle","47 MySakila Drive","3","2.99"
"Luck Opus","47 MySakila Drive","2","2.99"
"Lucky Flying","47 MySakila Drive","3","2.99"
"Lust Lock","47 MySakila Drive","4","2.99"
"Madigan Dorado","47 MySakila Drive","2","4.99"
"Madison Trap","47 MySakila Drive","2","2.99"
"Madness Attacks","47 MySakila Drive","4","0.99"
"Magnificent Chitty","47 MySakila Drive","2","2.99"
"Magnolia Forrester","47 MySakila Drive","2","0.99"
"Maguire Apache","47 MySakila Drive","3","2.99"
"Maiden Home","47 MySakila Drive","3","4.99"
"Malkovich Pet","47 MySakila Drive","4","2.99"
"Mallrats United","47 MySakila Drive","3","0.99"
"Maltese Hope","47 MySakila Drive","3","4.99"
"Manchurian Curtain","47 MySakila Drive","2","2.99"
"Married Go","47 MySakila Drive","4","2.99"
"Mars Roman","47 MySakila Drive","3","0.99"
"Mask Peach","47 MySakila Drive","4","2.99"
"Masked Bubble","47 MySakila Drive","4","0.99"
"Massacre Usual","47 MySakila Drive","4","4.99"
"Matrix Snowman","47 MySakila Drive","2","4.99"
"Maude Mod","47 MySakila Drive","2","0.99"
"Meet Chocolate","47 MySakila Drive","2","2.99"
"Memento Zoolander","47 MySakila Drive","2","4.99"
"Menagerie Rushmore","47 MySakila Drive","2","2.99"
"Mermaid Insects","47 MySakila Drive","2","4.99"
"Metal Armageddon","47 MySakila Drive","2","2.99"
"Metropolis Coma","47 MySakila Drive","4","2.99"
"Microcosmos Paradise","47 MySakila Drive","4","2.99"
"Midnight Westward","47 MySakila Drive","2","0.99"
"Midsummer Groundhog","47 MySakila Drive","2","4.99"
"Mile Mulan","47 MySakila Drive","3","0.99"
"Million Ace","47 MySakila Drive","2","4.99"
"Minds Truman","47 MySakila Drive","4","4.99"
"Mine Titans","47 MySakila Drive","4","4.99"
"Minority Kiss","47 MySakila Drive","3","0.99"
"Mission Zoolander","47 MySakila Drive","3","4.99"
"Mixed Doors","47 MySakila Drive","2","2.99"
"Mockingbird Hollywood","47 MySakila Drive","4","0.99"
"Mod Secretary","47 MySakila Drive","3","4.99"
"Money Harold","47 MySakila Drive","3","2.99"
"Monster Spartacus","47 MySakila Drive","2","2.99"
"Montezuma Command","47 MySakila Drive","3","0.99"
"Moon Bunch","47 MySakila Drive","4","0.99"
"Moonshine Cabin","47 MySakila Drive","2","4.99"
"Mosquito Armageddon","47 MySakila Drive","4","0.99"
"Mother Oleander","47 MySakila Drive","3","0.99"
"Motions Details","47 MySakila Drive","2","0.99"
"Moulin Wake","47 MySakila Drive","3","0.99"
"Mourning Purple","47 MySakila Drive","2","0.99"
"Movie Shakespeare","47 MySakila Drive","4","4.99"
"Mummy Creatures","47 MySakila Drive","2","0.99"
"Murder Antitrust","47 MySakila Drive","2","2.99"
"Muscle Bright","47 MySakila Drive","4","2.99"
"Music Boondock","47 MySakila Drive","2","0.99"
"Musketeers Wait","47 MySakila Drive","4","4.99"
"Mystic Truman","47 MySakila Drive","2","0.99"
"Name Detective","47 MySakila Drive","3","4.99"
"National Story","47 MySakila Drive","2","2.99"
"Natural Stock","47 MySakila Drive","3","0.99"
"Neighbors Charade","47 MySakila Drive","2","0.99"
"Nemo Campus","47 MySakila Drive","2","2.99"
"Network Peak","47 MySakila Drive","4","2.99"
"Newton Labyrinth","47 MySakila Drive","2","0.99"
"Nightmare Chill","47 MySakila Drive","3","4.99"
"None Spiking","47 MySakila Drive","3","0.99"
"Northwest Polish","47 MySakila Drive","3","2.99"
"Novocaine Flight","47 MySakila Drive","3","0.99"
"Nuts Ties","47 MySakila Drive","3","4.99"
"Oleander Clue","47 MySakila Drive","3","0.99"
"Open African","47 MySakila Drive","2","4.99"
"Operation Operation","47 MySakila Drive","4","2.99"
"Orange Grapes","47 MySakila Drive","3","0.99"
"Orient Closer","47 MySakila Drive","3","2.99"
"Oscar Gold","47 MySakila Drive","3","2.99"
"Others Soup","47 MySakila Drive","3","2.99"
"Outbreak Divine","47 MySakila Drive","3","0.99"
"Outfield Massacre","47 MySakila Drive","3","0.99"
"Outlaw Hanky","47 MySakila Drive","4","4.99"
"Oz Liaisons","47 MySakila Drive","2","2.99"
"Pacific Amistad","47 MySakila Drive","2","0.99"
"Packer Madigan","47 MySakila Drive","2","0.99"
"Pajama Jawbreaker","47 MySakila Drive","4","0.99"
"Panic Club","47 MySakila Drive","2","4.99"
"Panky Submarine","47 MySakila Drive","2","4.99"
"Panther Reds","47 MySakila Drive","3","4.99"
"Paradise Sabrina","47 MySakila Drive","4","2.99"
"Party Knock","47 MySakila Drive","2","2.99"
"Past Suicides","47 MySakila Drive","4","4.99"
"Paths Control","47 MySakila Drive","2","4.99"
"Patient Sister","47 MySakila Drive","3","0.99"
"Patriot Roman","47 MySakila Drive","2","2.99"
"Patton Interview","47 MySakila Drive","4","2.99"
"Paycheck Wait","47 MySakila Drive","3","4.99"
"Peach Innocent","47 MySakila Drive","2","2.99"
"Peak Forever","47 MySakila Drive","2","4.99"
"Pelican Comforts","47 MySakila Drive","4","4.99"
"Perfect Groove","47 MySakila Drive","2","2.99"
"Personal Ladybugs","47 MySakila Drive","2","0.99"
"Pet Haunting","47 MySakila Drive","3","0.99"
"Phantom Glory","47 MySakila Drive","2","2.99"
"Philadelphia Wife","47 MySakila Drive","2","4.99"
"Pianist Outfield","47 MySakila Drive","3","0.99"
"Pickup Driving","47 MySakila Drive","4","2.99"
"Pilot Hoosiers","47 MySakila Drive","2","2.99"
"Pinocchio Simon","47 MySakila Drive","2","4.99"
"Pirates Roxanne","47 MySakila Drive","3","0.99"
"Pittsburgh Hunchback","47 MySakila Drive","3","4.99"
"Pity Bound","47 MySakila Drive","4","4.99"
"Pluto Oleander","47 MySakila Drive","4","4.99"
"Pocus Pulp","47 MySakila Drive","3","0.99"
"Pollock Deliverance","47 MySakila Drive","4","2.99"
"Pond Seattle","47 MySakila Drive","4","2.99"
"Poseidon Forever","47 MySakila Drive","3","4.99"
"Potter Connecticut","47 MySakila Drive","2","2.99"
"Prejudice Oleander","47 MySakila Drive","4","4.99"
"President Bang","47 MySakila Drive","2","4.99"
"Pride Alamo","47 MySakila Drive","2","0.99"
"Primary Glass","47 MySakila Drive","4","0.99"
"Princess Giant","47 MySakila Drive","4","2.99"
"Private Drop","47 MySakila Drive","2","4.99"
"Pulp Beverly","47 MySakila Drive","4","2.99"
"Pure Runner","47 MySakila Drive","2","2.99"
"Purple Movie","47 MySakila Drive","4","2.99"
"Queen Luke","47 MySakila Drive","2","4.99"
"Quest Mussolini","47 MySakila Drive","2","2.99"
"Quills Bull","47 MySakila Drive","2","4.99"
"Racer Egg","47 MySakila Drive","2","2.99"
"Rage Games","47 MySakila Drive","4","4.99"
"Range Moonwalker","47 MySakila Drive","4","4.99"
"Reap Unfaithful","47 MySakila Drive","2","2.99"
"Rear Trading","47 MySakila Drive","2","0.99"
"Records Zorro","47 MySakila Drive","2","4.99"
"Redemption Comforts","47 MySakila Drive","3","2.99"
"Reds Pocus","47 MySakila Drive","2","4.99"
"Reef Salute","47 MySakila Drive","2","0.99"
"Reign Gentlemen","47 MySakila Drive","4","2.99"
"Remember Diary","47 MySakila Drive","2","2.99"
"Requiem Tycoon","47 MySakila Drive","3","4.99"
"Resurrection Silverado","47 MySakila Drive","2","0.99"
"Reunion Witches","47 MySakila Drive","3","0.99"
"Ridgemont Submarine","47 MySakila Drive","4","0.99"
"Rings Heartbreakers","47 MySakila Drive","4","0.99"
"River Outlaw","47 MySakila Drive","4","0.99"
"Road Roxanne","47 MySakila Drive","2","4.99"
"Robbers Joon","47 MySakila Drive","3","2.99"
"Robbery Bright","47 MySakila Drive","4","0.99"
"Rock Instinct","47 MySakila Drive","2","0.99"
"Rocketeer Mother","47 MySakila Drive","4","0.99"
"Rocky War","47 MySakila Drive","2","4.99"
"Roman Punk","47 MySakila Drive","4","0.99"
"Room Roman","47 MySakila Drive","2","0.99"
"Roots Remember","47 MySakila Drive","2","0.99"
"Roses Treasure","47 MySakila Drive","4","4.99"
"Rouge Squad","47 MySakila Drive","2","0.99"
"Roxanne Rebel","47 MySakila Drive","2","0.99"
"Rugrats Shakespeare","47 MySakila Drive","4","0.99"
"Rules Human","47 MySakila Drive","2","4.99"
"Run Pacific","47 MySakila Drive","3","0.99"
"Rush Goodfellas","47 MySakila Drive","4","0.99"
"Sabrina Midnight","47 MySakila Drive","4","4.99"
"Sagebrush Clueless","47 MySakila Drive","3","2.99"
"Salute Apollo","47 MySakila Drive","2","2.99"
"Samurai Lion","47 MySakila Drive","3","2.99"
"Satisfaction Confidential","47 MySakila Drive","3","4.99"
"Saturday Lambs","47 MySakila Drive","4","4.99"
"Saturn Name","47 MySakila Drive","4","4.99"
"Savannah Town","47 MySakila Drive","3","0.99"
"Scalawag Duck","47 MySakila Drive","4","4.99"
"Scarface Bang","47 MySakila Drive","3","4.99"
"Scorpion Apollo","47 MySakila Drive","3","4.99"
"Sea Virgin","47 MySakila Drive","4","2.99"
"Seabiscuit Punk","47 MySakila Drive","4","2.99"
"Searchers Wait","47 MySakila Drive","4","2.99"
"Seattle Expecations","47 MySakila Drive","3","4.99"
"Secret Groundhog","47 MySakila Drive","2","4.99"
"Secretary Rouge","47 MySakila Drive","3","4.99"
"Secrets Paradise","47 MySakila Drive","4","4.99"
"Shakespeare Saddle","47 MySakila Drive","3","2.99"
"Shane Darkness","47 MySakila Drive","4","2.99"
"Shanghai Tycoon","47 MySakila Drive","3","2.99"
"Shawshank Bubble","47 MySakila Drive","4","4.99"
"Shepherd Midsummer","47 MySakila Drive","3","0.99"
"Shining Roses","47 MySakila Drive","3","0.99"
"Ship Wonderland","47 MySakila Drive","2","2.99"
"Shock Cabin","47 MySakila Drive","4","2.99"
"Shootist Superfly","47 MySakila Drive","4","0.99"
"Show Lord","47 MySakila Drive","2","4.99"
"Shrunk Divine","47 MySakila Drive","4","2.99"
"Side Ark","47 MySakila Drive","2","0.99"
"Siege Madre","47 MySakila Drive","4","0.99"
"Sierra Divide","47 MySakila Drive","2","0.99"
"Silence Kane","47 MySakila Drive","2","0.99"
"Silverado Goldfinger","47 MySakila Drive","2","4.99"
"Simon North","47 MySakila Drive","2","0.99"
"Sinners Atlantis","47 MySakila Drive","2","2.99"
"Slacker Liaisons","47 MySakila Drive","4","4.99"
"Sleeping Suspects","47 MySakila Drive","4","4.99"
"Sleepless Monsoon","47 MySakila Drive","2","4.99"
"Sleepy Japanese","47 MySakila Drive","3","2.99"
"Sleuth Orient","47 MySakila Drive","3","0.99"
"Slums Duck","47 MySakila Drive","4","0.99"
"Smile Earring","47 MySakila Drive","3","2.99"
"Smoking Barbarella","47 MySakila Drive","3","0.99"
"Snatch Slipper","47 MySakila Drive","3","4.99"
"Snatchers Montezuma","47 MySakila Drive","3","2.99"
"Snowman Rollercoaster","47 MySakila Drive","4","0.99"
"Soldiers Evolution","47 MySakila Drive","2","4.99"
"Something Duck","47 MySakila Drive","3","4.99"
"Song Hedwig","47 MySakila Drive","3","0.99"
"Sons Interview","47 MySakila Drive","4","2.99"
"South Wait","47 MySakila Drive","3","2.99"
"Speakeasy Date","47 MySakila Drive","3","2.99"
"Spice Sorority","47 MySakila Drive","2","4.99"
"Spinal Rocky","47 MySakila Drive","2","2.99"
"Spirited Casualties","47 MySakila Drive","3","0.99"
"Splash Gump","47 MySakila Drive","4","0.99"
"Splendor Patton","47 MySakila Drive","3","0.99"
"Spy Mile","47 MySakila Drive","4","2.99"
"Squad Fish","47 MySakila Drive","3","2.99"
"Stagecoach Armageddon","47 MySakila Drive","2","4.99"
"Stampede Disturbing","47 MySakila Drive","4","0.99"
"Star Operation","47 MySakila Drive","3","2.99"
"State Wasteland","47 MySakila Drive","2","2.99"
"Steel Santa","47 MySakila Drive","4","4.99"
"Steers Armageddon","47 MySakila Drive","2","4.99"
"Stepmom Dream","47 MySakila Drive","4","4.99"
"Sting Personal","47 MySakila Drive","4","4.99"
"Stone Fire","47 MySakila Drive","3","0.99"
"Storm Happiness","47 MySakila Drive","4","0.99"
"Story Side","47 MySakila Drive","3","0.99"
"Straight Hours","47 MySakila Drive","3","0.99"
"Strangelove Desire","47 MySakila Drive","4","0.99"
"Stranger Strangers","47 MySakila Drive","3","4.99"
"Streak Ridgemont","47 MySakila Drive","2","0.99"
"Streetcar Intentions","47 MySakila Drive","4","4.99"
"Strictly Scarface","47 MySakila Drive","3","2.99"
"Sugar Wonka","47 MySakila Drive","3","4.99"
"Suit Walls","47 MySakila Drive","3","4.99"
"Summer Scarface","47 MySakila Drive","3","0.99"
"Sun Confessions","47 MySakila Drive","4","0.99"
"Sundance Invasion","47 MySakila Drive","4","0.99"
"Sunrise League","47 MySakila Drive","4","4.99"
"Super Wyoming","47 MySakila Drive","4","4.99"
"Superfly Trip","47 MySakila Drive","3","0.99"
"Suspects Quills","47 MySakila Drive","4","2.99"
"Swarm Gold","47 MySakila Drive","4","0.99"
"Sweden Shining","47 MySakila Drive","2","4.99"
"Sweethearts Suspects","47 MySakila Drive","4","0.99"
"Talented Homicide","47 MySakila Drive","3","0.99"
"Tarzan Videotape","47 MySakila Drive","2","2.99"
"Taxi Kick","47 MySakila Drive","3","0.99"
"Telegraph Voyage","47 MySakila Drive","4","4.99"
"Telemark Heartbreakers","47 MySakila Drive","4","2.99"
"Tenenbaums Command","47 MySakila Drive","4","0.99"
"Texas Watch","47 MySakila Drive","2","0.99"
"Theory Mermaid","47 MySakila Drive","4","0.99"
"Thief Pelican","47 MySakila Drive","4","4.99"
"Thin Sagebrush","47 MySakila Drive","4","4.99"
"Ties Hunger","47 MySakila Drive","3","4.99"
"Tights Dawn","47 MySakila Drive","3","0.99"
"Timberland Sky","47 MySakila Drive","3","0.99"
"Titanic Boondock","47 MySakila Drive","3","4.99"
"Titans Jerk","47 MySakila Drive","4","4.99"
"Tomatoes Hellfighters","47 MySakila Drive","3","0.99"
"Tomorrow Hustler","47 MySakila Drive","4","2.99"
"Tootsie Pilot","47 MySakila Drive","2","0.99"
"Torque Bound","47 MySakila Drive","4","4.99"
"Tourist Pelican","47 MySakila Drive","3","4.99"
"Towers Hurricane","47 MySakila Drive","3","0.99"
"Town Ark","47 MySakila Drive","2","2.99"
"Tracy Cider","47 MySakila Drive","4","0.99"
"Trading Pinocchio","47 MySakila Drive","4","4.99"
"Train Bunch","47 MySakila Drive","2","4.99"
"Trainspotting Strangers","47 MySakila Drive","3","4.99"
"Tramp Others","47 MySakila Drive","2","0.99"
"Translation Summer","47 MySakila Drive","4","0.99"
"Trap Guys","47 MySakila Drive","2","4.99"
"Trip Newton","47 MySakila Drive","4","4.99"
"Trojan Tomorrow","47 MySakila Drive","3","2.99"
"Troopers Metal","47 MySakila Drive","4","0.99"
"Trouble Date","47 MySakila Drive","2","2.99"
"Truman Crazy","47 MySakila Drive","4","4.99"
"Turn Star","47 MySakila Drive","2","2.99"
"Tuxedo Mile","47 MySakila Drive","3","2.99"
"Tycoon Gathering","47 MySakila Drive","4","4.99"
"Unbreakable Karate","47 MySakila Drive","3","0.99"
"Uncut Suicides","47 MySakila Drive","2","2.99"
"Undefeated Dalmations","47 MySakila Drive","3","4.99"
"Unforgiven Zoolander","47 MySakila Drive","2","0.99"
"United Pilot","47 MySakila Drive","3","0.99"
"Uprising Uptown","47 MySakila Drive","4","2.99"
"Uptown Young","47 MySakila Drive","3","2.99"
"Usual Untouchables","47 MySakila Drive","4","4.99"
"Vacation Boondock","47 MySakila Drive","3","2.99"
"Valley Packer","47 MySakila Drive","2","0.99"
"Vampire Whale","47 MySakila Drive","3","4.99"
"Vanishing Rocky","47 MySakila Drive","2","2.99"
"Varsity Trip","47 MySakila Drive","2","2.99"
"Velvet Terminator","47 MySakila Drive","4","4.99"
"Victory Academy","47 MySakila Drive","3","0.99"
"Videotape Arsenic","47 MySakila Drive","4","4.99"
"Vietnam Smoochy","47 MySakila Drive","2","0.99"
"Virgin Daisy","47 MySakila Drive","2","4.99"
"Virginian Pluto","47 MySakila Drive","4","0.99"
"Vision Torque","47 MySakila Drive","2","0.99"
"Voice Peach","47 MySakila Drive","2","0.99"
"Volcano Texas","47 MySakila Drive","4","0.99"
"Voyage Legally","47 MySakila Drive","3","0.99"
"Wagon Jaws","47 MySakila Drive","3","2.99"
"Wait Cider","47 MySakila Drive","4","0.99"
"Wanda Chamber","47 MySakila Drive","4","4.99"
"War Notting","47 MySakila Drive","3","4.99"
"Wardrobe Phantom","47 MySakila Drive","3","2.99"
"Warlock Werewolf","47 MySakila Drive","2","2.99"
"Wash Heavenly","47 MySakila Drive","3","4.99"
"Wasteland Divine","47 MySakila Drive","4","2.99"
"Watch Tracy","47 MySakila Drive","2","0.99"
"Waterfront Deliverance","47 MySakila Drive","3","4.99"
"Watership Frontier","47 MySakila Drive","2","0.99"
"Wedding Apollo","47 MySakila Drive","2","0.99"
"Weekend Personal","47 MySakila Drive","3","2.99"
"Werewolf Lola","47 MySakila Drive","3","4.99"
"West Lion","47 MySakila Drive","4","4.99"
"Westward Seabiscuit","47 MySakila Drive","3","0.99"
"Whale Bikini","47 MySakila Drive","4","4.99"
"Whisperer Giant","47 MySakila Drive","3","4.99"
"Wife Turn","47 MySakila Drive","4","4.99"
"Wild Apollo","47 MySakila Drive","2","0.99"
"Willow Tracy","47 MySakila Drive","2","2.99"
"Wind Phantom","47 MySakila Drive","2","0.99"
"Wisdom Worker","47 MySakila Drive","3","0.99"
"Witches Panic","47 MySakila Drive","4","4.99"
"Wizard Coldblooded","47 MySakila Drive","3","4.99"
"Wolves Desire","47 MySakila Drive","3","0.99"
"Women Dorado","47 MySakila Drive","3","0.99"
"Won Dares","47 MySakila Drive","3","2.99"
"Wonderful Drop","47 MySakila Drive","2","2.99"
"Wonderland Christmas","47 MySakila Drive","4","4.99"
"Wonka Sea","47 MySakila Drive","4","2.99"
"Words Hunter","47 MySakila Drive","2","2.99"
"Worker Tarzan","47 MySakila Drive","3","2.99"
"Working Microcosmos","47 MySakila Drive","4","4.99"
"Worst Banger","47 MySakila Drive","2","2.99"
"Wrong Behavior","47 MySakila Drive","4","2.99"
"Wyoming Storm","47 MySakila Drive","3","4.99"
"Yentl Idaho","47 MySakila Drive","4","4.99"
"Young Language","47 MySakila Drive","2","0.99"
"Youth Kick","47 MySakila Drive","2","0.99"
"Zoolander Fiction","47 MySakila Drive","2","2.99"
"Zorro Ark","47 MySakila Drive","4","4.99"
